NEH,px_t,RMSE,fNatIsotopes,fNatIsotopes[0],current_Exp_isotope_distribution_t0[1],current_Exp_isotope_distribution_t0[0],fLabIsotopes[1],fLabIsotopes[0],current_Exp_isotope_distribution[1],current_Exp_isotope_distribution[0],NumberOfHydrogens,PeptideSeq,SeqMass,Charge,Exp_time
18,0.03855948,0.0990995132582802,0.33363,0.40781,0.344728535576877,0.421658686955781,0.3094569,0.200915,0.334158315705947,0.406758917394723,101,YYNEVGQKPTMK,486.57462,3,1
18,0.04479649,0.0854712602575534,0.33363,0.40781,0.344728535576877,0.421658686955781,0.2970947,0.1787012,0.341922600214398,0.347804168214868,101,YYNEVGQKPTMK,486.57462,3,2
18,0.04580533,0.0622387374330535,0.33363,0.40781,0.344728535576877,0.421658686955781,0.2949903,0.1753335,0.337064385237177,0.296187458593735,101,YYNEVGQKPTMK,486.57462,3,3
18,0.04599918,0.0371686585689054,0.33363,0.40781,0.344728535576877,0.421658686955781,0.2945834,0.1746935,0.32273508364083,0.2431838533589,101,YYNEVGQKPTMK,486.57462,3,6
18,0.04599987,0.0392780337065085,0.33363,0.40781,0.344728535576877,0.421658686955781,0.2945818,0.1746912,0.304246101452724,0.256234144887139,101,YYNEVGQKPTMK,486.57462,3,7
18,0.046,0.0338529590961871,0.33363,0.40781,0.344728535576877,0.421658686955781,0.2945816,0.1746908,0.293761337482574,0.240932394823096,101,YYNEVGQKPTMK,486.57462,3,9
18,0.046,0.0245152420046569,0.33363,0.40781,0.344728535576877,0.421658686955781,0.2945816,0.1746908,0.316862768208764,0.208491017679069,101,YYNEVGQKPTMK,486.57462,3,13
18,0.046,0.0164279173051099,0.33363,0.40781,0.344728535576877,0.421658686955781,0.2945816,0.1746908,0.311702043239509,0.196303625028795,101,YYNEVGQKPTMK,486.57462,3,16
18,0.046,0.0184390192085515,0.33363,0.40781,0.344728535576877,0.421658686955781,0.2945816,0.1746908,0.308434783278626,0.201266358770633,101,YYNEVGQKPTMK,486.57462,3,21
18,0.046,0.0151173785619014,0.33363,0.40781,0.344728535576877,0.421658686955781,0.2945816,0.1746908,0.316992275615639,0.190690686011622,101,YYNEVGQKPTMK,486.57462,3,24
18,0.046,0.0083058445178843,0.33363,0.40781,0.344728535576877,0.421658686955781,0.2945816,0.1746908,0.307502067263612,0.17981926143244,101,YYNEVGQKPTMK,486.57462,3,31
