NEH,px_t,RMSE,fNatIsotopes,fNatIsotopes[0],current_Exp_isotope_distribution_t0[1],current_Exp_isotope_distribution_t0[0],fLabIsotopes[1],fLabIsotopes[0],current_Exp_isotope_distribution[1],current_Exp_isotope_distribution[0],NumberOfHydrogens,PeptideSeq,SeqMass,Charge,Exp_time
10,0.03855948,0.05969959705619,0.34688,0.44918,0.352514175527652,0.470148513171554,0.3556949,0.3031219,0.368733216716303,0.425850272794997,106,VFIGNLNTLVVK,658.90045,2,1
10,0.04479649,0.0587663039085548,0.34688,0.44918,0.352514175527652,0.470148513171554,0.3525743,0.2840194,0.359472174513287,0.40843532353209,106,VFIGNLNTLVVK,658.90045,2,2
10,0.04580533,0.0462682603288283,0.34688,0.44918,0.352514175527652,0.470148513171554,0.3519791,0.2810332,0.367723289214667,0.374696054254367,106,VFIGNLNTLVVK,658.90045,2,3
10,0.04599918,0.0247569587418591,0.34688,0.44918,0.352514175527652,0.470148513171554,0.3518622,0.2804629,0.370752434276747,0.326673150310504,106,VFIGNLNTLVVK,658.90045,2,6
10,0.04599987,0.0234360112530082,0.34688,0.44918,0.352514175527652,0.470148513171554,0.3518617,0.2804608,0.372047611615152,0.32361770751441,106,VFIGNLNTLVVK,658.90045,2,7
10,0.046,0.0132541385806457,0.34688,0.44918,0.352514175527652,0.470148513171554,0.3518617,0.2804604,0.36802800311583,0.301619168687015,106,VFIGNLNTLVVK,658.90045,2,9
10,0.046,0.00898639699222108,0.34688,0.44918,0.352514175527652,0.470148513171554,0.3518617,0.2804604,0.36518034987117,0.292115610384061,106,VFIGNLNTLVVK,658.90045,2,13
10,0.046,0.00888000232369218,0.34688,0.44918,0.352514175527652,0.470148513171554,0.3518617,0.2804604,0.352265350584252,0.298861887551768,106,VFIGNLNTLVVK,658.90045,2,16
10,0.046,0.0143740404802738,0.34688,0.44918,0.352514175527652,0.470148513171554,0.3518617,0.2804604,0.344684587849704,0.305897411497816,106,VFIGNLNTLVVK,658.90045,2,21
10,0.046,0.00851763142203604,0.34688,0.44918,0.352514175527652,0.470148513171554,0.3518617,0.2804604,0.355284391212521,0.290829187428443,106,VFIGNLNTLVVK,658.90045,2,24
10,0.046,0.00853999696189867,0.34688,0.44918,0.352514175527652,0.470148513171554,0.3518617,0.2804604,0.343150918699173,0.293946464104844,106,VFIGNLNTLVVK,658.90045,2,31
