NEH,px_t,RMSE,fNatIsotopes,fNatIsotopes[0],current_Exp_isotope_distribution_t0[1],current_Exp_isotope_distribution_t0[0],fLabIsotopes[1],fLabIsotopes[0],current_Exp_isotope_distribution[1],current_Exp_isotope_distribution[0],NumberOfHydrogens,PeptideSeq,SeqMass,Charge,Exp_time
26,0.03855948,0.0971628207026481,0.31709,0.41715,0.319065975542589,0.399912406733795,0.2705535,0.150039,0.298698364653054,0.357947168476825,94,WGLVcAGLADMAR,710.34723,2,1
26,0.04479649,0.0856858429467722,0.31709,0.41715,0.319065975542589,0.399912406733795,0.2508053,0.1266787,0.309648572231921,0.298057267419073,94,WGLVcAGLADMAR,710.34723,2,2
26,0.04580533,0.0614494212765147,0.31709,0.41715,0.319065975542589,0.399912406733795,0.2475549,0.123245,0.283409138950211,0.251034472999125,94,WGLVcAGLADMAR,710.34723,2,3
26,0.04599918,0.0325767592770296,0.31709,0.41715,0.319065975542589,0.399912406733795,0.2469297,0.1225957,0.281361621078208,0.183944302888297,94,WGLVcAGLADMAR,710.34723,2,6
26,0.04599987,0.0302915771877946,0.31709,0.41715,0.319065975542589,0.399912406733795,0.2469273,0.1225933,0.273657585007203,0.183081403606272,94,WGLVcAGLADMAR,710.34723,2,7
26,0.046,0.0232179254165557,0.31709,0.41715,0.319065975542589,0.399912406733795,0.246927,0.1225929,0.272831841837244,0.156572959110107,94,WGLVcAGLADMAR,710.34723,2,9
26,0.046,0.0131825407164564,0.31709,0.41715,0.319065975542589,0.399912406733795,0.246927,0.1225929,0.248526236704318,0.144825965594346,94,WGLVcAGLADMAR,710.34723,2,13
26,0.046,0.0128335907125154,0.31709,0.41715,0.319065975542589,0.399912406733795,0.246927,0.1225929,0.268515104574987,0.136945778717883,94,WGLVcAGLADMAR,710.34723,2,21
26,0.046,0.0126818487861696,0.31709,0.41715,0.319065975542589,0.399912406733795,0.246927,0.1225929,0.245864315337201,0.145257682832281,94,WGLVcAGLADMAR,710.34723,2,24
26,0.046,0.0105488882797917,0.31709,0.41715,0.319065975542589,0.399912406733795,0.246927,0.1225929,0.26027459377728,0.124272481199209,94,WGLVcAGLADMAR,710.34723,2,31
