NEH,px_t,RMSE,fNatIsotopes,fNatIsotopes[0],current_Exp_isotope_distribution_t0[1],current_Exp_isotope_distribution_t0[0],fLabIsotopes[1],fLabIsotopes[0],current_Exp_isotope_distribution[1],current_Exp_isotope_distribution[0],NumberOfHydrogens,PeptideSeq,SeqMass,Charge,Exp_time
30,0.03855948,0.137951632550921,0.33115,0.40788,0.339556105311862,0.43124539226702,0.252635,0.1253497,0.377600715219785,0.377747211491105,102,FRPDMEEEEAKK,377.9317,4,1
30,0.04479649,0.118339257545189,0.33115,0.40788,0.339556105311862,0.43124539226702,0.2288342,0.1031134,0.319451546981455,0.334655688539258,102,FRPDMEEEEAKK,377.9317,4,2
30,0.04580533,0.1017189812752,0.33115,0.40788,0.339556105311862,0.43124539226702,0.2250103,0.09989512,0.349577472334972,0.269244030054994,102,FRPDMEEEEAKK,377.9317,4,3
30,0.04599918,0.0627693918140749,0.33115,0.40788,0.339556105311862,0.43124539226702,0.2242776,0.09928813,0.330974899052127,0.175973807398054,102,FRPDMEEEEAKK,377.9317,4,6
30,0.04599987,0.0502894084409701,0.33115,0.40788,0.339556105311862,0.43124539226702,0.2242748,0.09928589,0.301368304241758,0.17171862020788,102,FRPDMEEEEAKK,377.9317,4,7
30,0.046,0.0369054328161715,0.33115,0.40788,0.339556105311862,0.43124539226702,0.2242744,0.09928552,0.279503980337861,0.15203655153149,102,FRPDMEEEEAKK,377.9317,4,9
30,0.046,0.0339829555267693,0.33115,0.40788,0.339556105311862,0.43124539226702,0.2242744,0.09928552,0.27009072143504,0.145119484199927,102,FRPDMEEEEAKK,377.9317,4,13
30,0.046,0.0237209495927064,0.33115,0.40788,0.339556105311862,0.43124539226702,0.2242744,0.09928552,0.257213376927659,0.14166587829294,102,FRPDMEEEEAKK,377.9317,4,31
