NEH,px_t,RMSE,fNatIsotopes,fNatIsotopes[0],current_Exp_isotope_distribution_t0[1],current_Exp_isotope_distribution_t0[0],fLabIsotopes[1],fLabIsotopes[0],current_Exp_isotope_distribution[1],current_Exp_isotope_distribution[0],NumberOfHydrogens,PeptideSeq,SeqMass,Charge,Exp_time
23,0.03855948,0.0946563849890238,0.35342,0.3815,0.370242809839826,0.394590783023958,0.2855052,0.1544001,0.361495604472096,0.333425203008657,125,IPGGATLVFEVELLK,793.46362,2,1
23,0.04479649,0.0871822602532047,0.35342,0.3815,0.370242809839826,0.394590783023958,0.2665779,0.1329315,0.339325043940273,0.296706901812235,125,IPGGATLVFEVELLK,793.46362,2,2
23,0.04580533,0.0688599449645987,0.35342,0.3815,0.370242809839826,0.394590783023958,0.2634796,0.1297389,0.345215145152349,0.244092296830368,125,IPGGATLVFEVELLK,793.46362,2,3
23,0.04599918,0.0265977630370333,0.35342,0.3815,0.370242809839826,0.394590783023958,0.2628839,0.1291341,0.295778790911725,0.175580457315598,125,IPGGATLVFEVELLK,793.46362,2,6
23,0.04599987,0.0324113979854531,0.35342,0.3815,0.370242809839826,0.394590783023958,0.2628817,0.1291319,0.309235709949494,0.178935767738354,125,IPGGATLVFEVELLK,793.46362,2,7
23,0.046,0.0221336661525345,0.35342,0.3815,0.370242809839826,0.394590783023958,0.2628813,0.1291315,0.304445155407941,0.15326721955019,125,IPGGATLVFEVELLK,793.46362,2,9
23,0.046,0.0154847628559361,0.35342,0.3815,0.370242809839826,0.394590783023958,0.2628813,0.1291315,0.266825817021879,0.134693151356686,125,IPGGATLVFEVELLK,793.46362,2,13
23,0.046,0.0129627467050779,0.35342,0.3815,0.370242809839826,0.394590783023958,0.2628813,0.1291315,0.269467034055373,0.117203007152024,125,IPGGATLVFEVELLK,793.46362,2,16
23,0.046,0.00924059821601376,0.35342,0.3815,0.370242809839826,0.394590783023958,0.2628813,0.1291315,0.265702866234452,0.125681136615458,125,IPGGATLVFEVELLK,793.46362,2,21
23,0.046,0.00956868645517566,0.35342,0.3815,0.370242809839826,0.394590783023958,0.2628813,0.1291315,0.269485985815956,0.130905061999641,125,IPGGATLVFEVELLK,793.46362,2,24
23,0.046,0.0105973864061224,0.35342,0.3815,0.370242809839826,0.394590783023958,0.2628813,0.1291315,0.257367364757392,0.133850115316798,125,IPGGATLVFEVELLK,793.46362,2,31
