NEH,px_t,RMSE,fNatIsotopes,fNatIsotopes[0],current_Exp_isotope_distribution_t0[1],current_Exp_isotope_distribution_t0[0],fLabIsotopes[1],fLabIsotopes[0],current_Exp_isotope_distribution[1],current_Exp_isotope_distribution[0],NumberOfHydrogens,PeptideSeq,SeqMass,Charge,Exp_time
27,0.03855948,0.0853413112609596,0.33654,0.31945,0.34312094781774,0.333274512333261,0.2360363,0.1104675,0.309002419086533,0.27339023711618,142,NLGTLLGLGLALNSSMYR,631.68024,3,1
27,0.04479649,0.0901394910653471,0.33654,0.31945,0.34312094781774,0.333274512333261,0.2149906,0.09266316,0.314700113185573,0.247956736065293,142,NLGTLLGLGLALNSSMYR,631.68024,3,2
27,0.04580533,0.0822103286260756,0.33654,0.31945,0.34312094781774,0.333274512333261,0.2116342,0.09005619,0.34474777770221,0.198326023595825,142,NLGTLLGLGLALNSSMYR,631.68024,3,3
27,0.04599918,0.0429904815624897,0.33654,0.31945,0.34312094781774,0.333274512333261,0.2109917,0.08956355,0.27445257640023,0.160028612538767,142,NLGTLLGLGLALNSSMYR,631.68024,3,6
27,0.04599987,0.0527046505995105,0.33654,0.31945,0.34312094781774,0.333274512333261,0.2109892,0.08956174,0.309343476489385,0.138106399199984,142,NLGTLLGLGLALNSSMYR,631.68024,3,7
27,0.046,0.0311785243756767,0.33654,0.31945,0.34312094781774,0.333274512333261,0.2109889,0.08956143,0.260166486940928,0.138937012955518,142,NLGTLLGLGLALNSSMYR,631.68024,3,9
27,0.046,0.0168404481995292,0.33654,0.31945,0.34312094781774,0.333274512333261,0.2109889,0.08956143,0.243726060845002,0.106821027087782,142,NLGTLLGLGLALNSSMYR,631.68024,3,13
27,0.046,0.0102273862800885,0.33654,0.31945,0.34312094781774,0.333274512333261,0.2109889,0.08956143,0.220458926575888,0.108570416815223,142,NLGTLLGLGLALNSSMYR,631.68024,3,16
27,0.046,0.0148684701361324,0.33654,0.31945,0.34312094781774,0.333274512333261,0.2109889,0.08956143,0.226825604902206,0.110103218986814,142,NLGTLLGLGLALNSSMYR,631.68024,3,21
27,0.046,0.0161132754723417,0.33654,0.31945,0.34312094781774,0.333274512333261,0.2109889,0.08956143,0.220754778285573,0.103537077398606,142,NLGTLLGLGLALNSSMYR,631.68024,3,24
27,0.046,0.0125104446687048,0.33654,0.31945,0.34312094781774,0.333274512333261,0.2109889,0.08956143,0.23404732864301,0.0994573549486676,142,NLGTLLGLGLALNSSMYR,631.68024,3,31
