NEH,px_t,RMSE,fNatIsotopes,fNatIsotopes[0],current_Exp_isotope_distribution_t0[1],current_Exp_isotope_distribution_t0[0],fLabIsotopes[1],fLabIsotopes[0],current_Exp_isotope_distribution[1],current_Exp_isotope_distribution[0],NumberOfHydrogens,PeptideSeq,SeqMass,Charge,Exp_time
17,0.03855948,0.0476869346328317,0.34461,0.4395,0.384045674020023,0.437748052546682,0.330188,0.2252131,0.378130481722146,0.30526312902127,98,DVISFFTTSVER,700.85645,2,1
17,0.04479649,0.0459289057316094,0.34461,0.4395,0.384045674020023,0.437748052546682,0.3188845,0.2016209,0.358568099891033,0.286317876343449,98,DVISFFTTSVER,700.85645,2,2
17,0.04580533,0.0293709937892795,0.34461,0.4395,0.384045674020023,0.437748052546682,0.3169335,0.1980306,0.36468258102891,0.232284506951829,98,DVISFFTTSVER,700.85645,2,3
17,0.04599918,0.0147402852366643,0.34461,0.4395,0.384045674020023,0.437748052546682,0.3165554,0.1973478,0.347457930351598,0.203939819498208,98,DVISFFTTSVER,700.85645,2,6
17,0.04599987,0.0242278570335284,0.34461,0.4395,0.384045674020023,0.437748052546682,0.316554,0.1973453,0.363128387667741,0.216481809225762,98,DVISFFTTSVER,700.85645,2,7
17,0.046,0.0166962824089266,0.34461,0.4395,0.384045674020023,0.437748052546682,0.3165537,0.1973449,0.347832493382635,0.213069621269136,98,DVISFFTTSVER,700.85645,2,9
17,0.046,0.0182438827287849,0.34461,0.4395,0.384045674020023,0.437748052546682,0.3165537,0.1973449,0.355400504838446,0.200838173685674,98,DVISFFTTSVER,700.85645,2,13
17,0.046,0.0167239565624037,0.34461,0.4395,0.384045674020023,0.437748052546682,0.3165537,0.1973449,0.334736803019313,0.190885015729348,98,DVISFFTTSVER,700.85645,2,16
17,0.046,0.0133481473006241,0.34461,0.4395,0.384045674020023,0.437748052546682,0.3165537,0.1973449,0.343041698949512,0.190059015112942,98,DVISFFTTSVER,700.85645,2,21
17,0.046,0.0129385755627908,0.34461,0.4395,0.384045674020023,0.437748052546682,0.3165537,0.1973449,0.338441797858865,0.183771845771989,98,DVISFFTTSVER,700.85645,2,24
17,0.046,0.0135033000604169,0.34461,0.4395,0.384045674020023,0.437748052546682,0.3165537,0.1973449,0.32802895036295,0.184806555222774,98,DVISFFTTSVER,700.85645,2,31
