NEH,px_t,RMSE,fNatIsotopes,fNatIsotopes[0],current_Exp_isotope_distribution_t0[1],current_Exp_isotope_distribution_t0[0],fLabIsotopes[1],fLabIsotopes[0],current_Exp_isotope_distribution[1],current_Exp_isotope_distribution[0],NumberOfHydrogens,PeptideSeq,SeqMass,Charge,Exp_time
25,0.03855948,0.0938554064358816,0.35201,0.32345,0.35043253089543,0.333423175507277,0.2530514,0.1210039,0.3551882162834,0.283591521619088,131,DKFEPGILQLSQWFK,612.66119,3,1
25,0.04479649,0.088362768628385,0.35201,0.32345,0.35043253089543,0.333423175507277,0.2325127,0.1028314,0.312017822024339,0.266550590414223,131,DKFEPGILQLSQWFK,612.66119,3,2
25,0.04580533,0.0728767496983238,0.35201,0.32345,0.35043253089543,0.333423175507277,0.2292216,0.1001499,0.313358756821207,0.226227406360635,131,DKFEPGILQLSQWFK,612.66119,3,3
25,0.04599918,0.0412184928986143,0.35201,0.32345,0.35043253089543,0.333423175507277,0.2285909,0.09964249,0.266454853517176,0.169723469596207,131,DKFEPGILQLSQWFK,612.66119,3,6
25,0.04599987,0.0360483013218267,0.35201,0.32345,0.35043253089543,0.333423175507277,0.2285885,0.09964062,0.262381229942185,0.17175802792114,131,DKFEPGILQLSQWFK,612.66119,3,7
25,0.046,0.0307917444314039,0.35201,0.32345,0.35043253089543,0.333423175507277,0.2285882,0.09964031,0.275914607400784,0.143406297313677,131,DKFEPGILQLSQWFK,612.66119,3,9
25,0.046,0.0126964133095321,0.35201,0.32345,0.35043253089543,0.333423175507277,0.2285882,0.09964031,0.247208303677587,0.122467694292266,131,DKFEPGILQLSQWFK,612.66119,3,13
25,0.046,0.00617522581531489,0.35201,0.32345,0.35043253089543,0.333423175507277,0.2285882,0.09964031,0.235180658831968,0.108297677944187,131,DKFEPGILQLSQWFK,612.66119,3,16
25,0.046,0.019910246393226,0.35201,0.32345,0.35043253089543,0.333423175507277,0.2285882,0.09964031,0.258384908947323,0.0916690211406496,131,DKFEPGILQLSQWFK,612.66119,3,21
25,0.046,0.0103891495168008,0.35201,0.32345,0.35043253089543,0.333423175507277,0.2285882,0.09964031,0.248467542627428,0.106474207519999,131,DKFEPGILQLSQWFK,612.66119,3,24
