NEH,px_t,RMSE,fNatIsotopes,fNatIsotopes[0],current_Exp_isotope_distribution_t0[1],current_Exp_isotope_distribution_t0[0],fLabIsotopes[1],fLabIsotopes[0],current_Exp_isotope_distribution[1],current_Exp_isotope_distribution[0],NumberOfHydrogens,PeptideSeq,SeqMass,Charge,Exp_time
17,0.03855948,0.114482331899971,0.32542,0.52171,0.322665703632147,0.54706986228337,0.3490857,0.26734,0.327551677933247,0.514171716124466,90,ILVTGGSGLVGR,564.84039,2,1
17,0.04479649,0.114664343956585,0.32542,0.52171,0.322665703632147,0.54706986228337,0.3401583,0.2393348,0.333722133089554,0.485400085530986,90,ILVTGGSGLVGR,564.84039,2,2
17,0.04580533,0.0951180037800904,0.32542,0.52171,0.322665703632147,0.54706986228337,0.3385256,0.2350729,0.339158981687188,0.438824216142935,90,ILVTGGSGLVGR,564.84039,2,3
17,0.04599918,0.057743656672019,0.32542,0.52171,0.322665703632147,0.54706986228337,0.3382068,0.2342624,0.341894254340884,0.359265723261673,90,ILVTGGSGLVGR,564.84039,2,6
17,0.04599987,0.0514922057326655,0.32542,0.52171,0.322665703632147,0.54706986228337,0.3382055,0.2342594,0.381457832548255,0.328020848393653,90,ILVTGGSGLVGR,564.84039,2,7
17,0.046,0.0395164809596786,0.32542,0.52171,0.322665703632147,0.54706986228337,0.3382053,0.2342589,0.376345014990068,0.302188333048458,90,ILVTGGSGLVGR,564.84039,2,9
17,0.046,0.0279335642764237,0.32542,0.52171,0.322665703632147,0.54706986228337,0.3382053,0.2342589,0.361134096438695,0.286028081672889,90,ILVTGGSGLVGR,564.84039,2,16
17,0.046,0.0189354729989588,0.32542,0.52171,0.322665703632147,0.54706986228337,0.3382053,0.2342589,0.351510551459856,0.265442347580711,90,ILVTGGSGLVGR,564.84039,2,21
17,0.046,0.0243232807814863,0.32542,0.52171,0.322665703632147,0.54706986228337,0.3382053,0.2342589,0.367292032381131,0.274437276108453,90,ILVTGGSGLVGR,564.84039,2,31
