NEH,px_t,RMSE,fNatIsotopes,fNatIsotopes[0],current_Exp_isotope_distribution_t0[1],current_Exp_isotope_distribution_t0[0],fLabIsotopes[1],fLabIsotopes[0],current_Exp_isotope_distribution[1],current_Exp_isotope_distribution[0],NumberOfHydrogens,PeptideSeq,SeqMass,Charge,Exp_time
22,0.03855948,0.0865925095163284,0.33127,0.49105,0.384701294140208,0.478956471234778,0.3218925,0.2067088,0.343069706875569,0.384951599947202,92,VLTPEEQLADK,621.83246,2,1
22,0.04479649,0.0867583225271178,0.33127,0.49105,0.384701294140208,0.478956471234778,0.3057171,0.1791291,0.364077443401772,0.346789364375286,92,VLTPEEQLADK,621.83246,2,2
22,0.04580533,0.0467408803715382,0.33127,0.49105,0.384701294140208,0.478956471234778,0.3029535,0.175012,0.333412868755651,0.266228206040025,92,VLTPEEQLADK,621.83246,2,3
22,0.04599918,0.0157887826693993,0.33127,0.49105,0.384701294140208,0.478956471234778,0.302419,0.1742315,0.329814061070899,0.186183719873146,92,VLTPEEQLADK,621.83246,2,6
22,0.04599987,0.024235273247447,0.33127,0.49105,0.384701294140208,0.478956471234778,0.3024169,0.1742286,0.338981348482611,0.167978345946965,92,VLTPEEQLADK,621.83246,2,7
22,0.046,0.0180631674851701,0.33127,0.49105,0.384701294140208,0.478956471234778,0.3024166,0.1742281,0.30325811619209,0.191362909751552,92,VLTPEEQLADK,621.83246,2,9
22,0.046,0.0257211319912641,0.33127,0.49105,0.384701294140208,0.478956471234778,0.3024166,0.1742281,0.279663751011519,0.166150983483219,92,VLTPEEQLADK,621.83246,2,13
22,0.046,0.0164407753765032,0.33127,0.49105,0.384701294140208,0.478956471234778,0.3024166,0.1742281,0.31908380658326,0.15130746750465,92,VLTPEEQLADK,621.83246,2,16
22,0.046,0.021874646208289,0.33127,0.49105,0.384701294140208,0.478956471234778,0.3024166,0.1742281,0.314510772075816,0.15303849581849,92,VLTPEEQLADK,621.83246,2,21
22,0.046,0.01408551045083,0.33127,0.49105,0.384701294140208,0.478956471234778,0.3024166,0.1742281,0.327393735776312,0.155158588948596,92,VLTPEEQLADK,621.83246,2,24
22,0.046,0.013196221015027,0.33127,0.49105,0.384701294140208,0.478956471234778,0.3024166,0.1742281,0.289656902664952,0.163153945528605,92,VLTPEEQLADK,621.83246,2,31
