NEH,px_t,RMSE,fNatIsotopes,fNatIsotopes[0],current_Exp_isotope_distribution_t0[1],current_Exp_isotope_distribution_t0[0],fLabIsotopes[1],fLabIsotopes[0],current_Exp_isotope_distribution[1],current_Exp_isotope_distribution[0],NumberOfHydrogens,PeptideSeq,SeqMass,Charge,Exp_time
26,0.03855948,0.0740866550006627,0.34085,0.46229,0.314146110794592,0.485809880453316,0.2960347,0.1662748,0.321789763522944,0.32024839332973,90,SSFIDDAFALAR,656.8302,2,1
26,0.04479649,0.0531686837907522,0.34085,0.46229,0.314146110794592,0.485809880453316,0.2747406,0.1403867,0.311197295224976,0.243896227241896,90,SSFIDDAFALAR,656.8302,2,2
26,0.04580533,0.0347949530589984,0.34085,0.46229,0.314146110794592,0.485809880453316,0.2712253,0.1365814,0.282417399080162,0.200215734776053,90,SSFIDDAFALAR,656.8302,2,3
26,0.04599918,0.0201527679110173,0.34085,0.46229,0.314146110794592,0.485809880453316,0.2705489,0.1358618,0.297703682882379,0.15781825313616,90,SSFIDDAFALAR,656.8302,2,6
26,0.04599987,0.02154426057466,0.34085,0.46229,0.314146110794592,0.485809880453316,0.2705462,0.1358592,0.307336216304524,0.142664646202256,90,SSFIDDAFALAR,656.8302,2,7
26,0.046,0.0247052203579346,0.34085,0.46229,0.314146110794592,0.485809880453316,0.2705459,0.1358587,0.318450936983077,0.141053481794777,90,SSFIDDAFALAR,656.8302,2,9
26,0.046,0.00753742762349662,0.34085,0.46229,0.314146110794592,0.485809880453316,0.2705459,0.1358587,0.263233489948711,0.138085564866517,90,SSFIDDAFALAR,656.8302,2,13
26,0.046,0.0161741451018426,0.34085,0.46229,0.314146110794592,0.485809880453316,0.2705459,0.1358587,0.287585145154415,0.148255701452468,90,SSFIDDAFALAR,656.8302,2,21
26,0.046,0.0208009940130463,0.34085,0.46229,0.314146110794592,0.485809880453316,0.2705459,0.1358587,0.277091569669806,0.180742770485305,90,SSFIDDAFALAR,656.8302,2,24
26,0.046,0.0151900591090812,0.34085,0.46229,0.314146110794592,0.485809880453316,0.2705459,0.1358587,0.297589741308015,0.136597836688124,90,SSFIDDAFALAR,656.8302,2,31
