NEH,px_t,RMSE,fNatIsotopes,fNatIsotopes[0],current_Exp_isotope_distribution_t0[1],current_Exp_isotope_distribution_t0[0],fLabIsotopes[1],fLabIsotopes[0],current_Exp_isotope_distribution[1],current_Exp_isotope_distribution[0],NumberOfHydrogens,PeptideSeq,SeqMass,Charge,Exp_time
23,0.03855948,0.105360587903227,0.35271,0.38072,0.320738376246997,0.399862214928561,0.2849265,0.1540844,0.31768983497881,0.376988552538949,123,VYALPEDLVEVKPK,533.97125,3,1
23,0.04479649,0.090237498304197,0.35271,0.38072,0.320738376246997,0.399862214928561,0.2660372,0.1326597,0.319348403650535,0.313998169345683,123,VYALPEDLVEVKPK,533.97125,3,2
23,0.04580533,0.0685123122638069,0.35271,0.38072,0.320738376246997,0.399862214928561,0.2629451,0.1294737,0.284940396169058,0.271983178485073,123,VYALPEDLVEVKPK,533.97125,3,3
23,0.04599918,0.0316218996248723,0.35271,0.38072,0.320738376246997,0.399862214928561,0.2623507,0.1288701,0.28585942840479,0.190691085878367,123,VYALPEDLVEVKPK,533.97125,3,6
23,0.04599987,0.0399043218316154,0.35271,0.38072,0.320738376246997,0.399862214928561,0.2623484,0.1288679,0.285370003688755,0.194318435564236,123,VYALPEDLVEVKPK,533.97125,3,7
23,0.046,0.016018981808601,0.35271,0.38072,0.320738376246997,0.399862214928561,0.2623481,0.1288675,0.256426367265911,0.158044661695564,123,VYALPEDLVEVKPK,533.97125,3,9
23,0.046,0.00901295560756717,0.35271,0.38072,0.320738376246997,0.399862214928561,0.2623481,0.1288675,0.249986783042055,0.133653718300935,123,VYALPEDLVEVKPK,533.97125,3,13
23,0.046,0.0177572620893697,0.35271,0.38072,0.320738376246997,0.399862214928561,0.2623481,0.1288675,0.234743162376576,0.125923990150545,123,VYALPEDLVEVKPK,533.97125,3,16
23,0.046,0.00970808402986786,0.35271,0.38072,0.320738376246997,0.399862214928561,0.2623481,0.1288675,0.261657925953984,0.128417826005993,123,VYALPEDLVEVKPK,533.97125,3,21
23,0.046,0.0343341541628623,0.35271,0.38072,0.320738376246997,0.399862214928561,0.2623481,0.1288675,0.254436828070892,0.132495475289712,123,VYALPEDLVEVKPK,533.97125,3,24
23,0.046,0.022441181702887,0.35271,0.38072,0.320738376246997,0.399862214928561,0.2623481,0.1288675,0.261617065897889,0.12808304529672,123,VYALPEDLVEVKPK,533.97125,3,31
