NEH,px_t,RMSE,fNatIsotopes,fNatIsotopes[0],current_Exp_isotope_distribution_t0[1],current_Exp_isotope_distribution_t0[0],fLabIsotopes[1],fLabIsotopes[0],current_Exp_isotope_distribution[1],current_Exp_isotope_distribution[0],NumberOfHydrogens,PeptideSeq,SeqMass,Charge,Exp_time
14,0.03855948,0.0839103510343652,0.34859,0.44568,0.356632401440905,0.453274530547959,0.3453332,0.2569797,0.338173437590697,0.437406458692343,100,FILNLPTFSVR,653.87952,2,1
14,0.04479649,0.0840305509836941,0.34859,0.44568,0.356632401440905,0.453274530547959,0.3375669,0.2345966,0.338061963957249,0.415119624728535,100,FILNLPTFSVR,653.87952,2,2
14,0.04580533,0.0742252456574751,0.34859,0.44568,0.356632401440905,0.453274530547959,0.3361917,0.2311508,0.354596440436126,0.385118866991136,100,FILNLPTFSVR,653.87952,2,3
14,0.04599918,0.0465334478567824,0.34859,0.44568,0.356632401440905,0.453274530547959,0.3359242,0.2304942,0.344202878923977,0.329133988068916,100,FILNLPTFSVR,653.87952,2,6
14,0.04599987,0.0436474725937912,0.34859,0.44568,0.356632401440905,0.453274530547959,0.3359232,0.2304918,0.344130185070392,0.323205393209936,100,FILNLPTFSVR,653.87952,2,7
14,0.046,0.0370278718541943,0.34859,0.44568,0.356632401440905,0.453274530547959,0.335923,0.2304914,0.353678572320238,0.305010630786981,100,FILNLPTFSVR,653.87952,2,9
14,0.046,0.0224808105099639,0.34859,0.44568,0.356632401440905,0.453274530547959,0.335923,0.2304914,0.357938876071238,0.269500690935215,100,FILNLPTFSVR,653.87952,2,13
14,0.046,0.0155392555854441,0.34859,0.44568,0.356632401440905,0.453274530547959,0.335923,0.2304914,0.347142417133568,0.259587241777365,100,FILNLPTFSVR,653.87952,2,16
14,0.046,0.029728578284238,0.34859,0.44568,0.356632401440905,0.453274530547959,0.335923,0.2304914,0.349975361601672,0.290844186070886,100,FILNLPTFSVR,653.87952,2,21
14,0.046,0.0198989459023488,0.34859,0.44568,0.356632401440905,0.453274530547959,0.335923,0.2304914,0.358343602841735,0.264189190760769,100,FILNLPTFSVR,653.87952,2,24
