NEH,px_t,RMSE,fNatIsotopes,fNatIsotopes[0],current_Exp_isotope_distribution_t0[1],current_Exp_isotope_distribution_t0[0],fLabIsotopes[1],fLabIsotopes[0],current_Exp_isotope_distribution[1],current_Exp_isotope_distribution[0],NumberOfHydrogens,PeptideSeq,SeqMass,Charge,Exp_time
25,0.03855948,0.100714936326236,0.33394,0.47968,0.363767308399643,0.462778102153837,0.304911,0.1794502,0.331862646495353,0.392228072521302,84,YDEAASYIQSK,637.79858,2,1
25,0.04479649,0.0941497582801463,0.33394,0.47968,0.363767308399643,0.462778102153837,0.2850197,0.1525002,0.299084081933029,0.30247521696,84,YDEAASYIQSK,637.79858,2,2
25,0.04580533,0.0735606186635511,0.33394,0.47968,0.363767308399643,0.462778102153837,0.2816983,0.1485234,0.341407485056585,0.256683516530008,84,YDEAASYIQSK,637.79858,2,3
25,0.04599918,0.0411469103867989,0.33394,0.47968,0.363767308399643,0.462778102153837,0.2810581,0.1477709,0.310155472895762,0.214032435664426,84,YDEAASYIQSK,637.79858,2,6
25,0.04599987,0.0475168488075783,0.33394,0.47968,0.363767308399643,0.462778102153837,0.2810557,0.1477682,0.331896835628933,0.213994389599667,84,YDEAASYIQSK,637.79858,2,7
25,0.046,0.038356193560673,0.33394,0.47968,0.363767308399643,0.462778102153837,0.2810553,0.1477677,0.298369728382474,0.208154643555102,84,YDEAASYIQSK,637.79858,2,9
25,0.046,0.025836365697499,0.33394,0.47968,0.363767308399643,0.462778102153837,0.2810553,0.1477677,0.282005004527865,0.157066149039083,84,YDEAASYIQSK,637.79858,2,13
25,0.046,0.0253092344793526,0.33394,0.47968,0.363767308399643,0.462778102153837,0.2810553,0.1477677,0.321012895319088,0.134457124678519,84,YDEAASYIQSK,637.79858,2,16
25,0.046,0.0186976075822675,0.33394,0.47968,0.363767308399643,0.462778102153837,0.2810553,0.1477677,0.267546959810122,0.165079918051712,84,YDEAASYIQSK,637.79858,2,21
25,0.046,0.0232588198243476,0.33394,0.47968,0.363767308399643,0.462778102153837,0.2810553,0.1477677,0.306351830730902,0.142518094988829,84,YDEAASYIQSK,637.79858,2,24
25,0.046,0.0158859826656675,0.33394,0.47968,0.363767308399643,0.462778102153837,0.2810553,0.1477677,0.287356724364288,0.156683241162642,84,YDEAASYIQSK,637.79858,2,31
