NEH,px_t,RMSE,fNatIsotopes,fNatIsotopes[0],current_Exp_isotope_distribution_t0[1],current_Exp_isotope_distribution_t0[0],fLabIsotopes[1],fLabIsotopes[0],current_Exp_isotope_distribution[1],current_Exp_isotope_distribution[0],NumberOfHydrogens,PeptideSeq,SeqMass,Charge,Exp_time
30,0.03855948,0.14427386953934,0.32358,0.51832,0.324820874541539,0.548173667728192,0.291158,0.1592901,0.315841886117637,0.466001188488914,86,LAAIQESGVER,586.81714,2,1
30,0.04479649,0.127430219949086,0.32358,0.51832,0.324820874541539,0.548173667728192,0.2662137,0.1310329,0.31639635532166,0.395797148940299,86,LAAIQESGVER,586.81714,2,2
30,0.04580533,0.108180151610806,0.32358,0.51832,0.324820874541539,0.548173667728192,0.2621216,0.1269433,0.341313618908162,0.33724001188018,86,LAAIQESGVER,586.81714,2,3
30,0.04599918,0.0540054432684763,0.32358,0.51832,0.324820874541539,0.548173667728192,0.2613351,0.126172,0.314161789960136,0.223834620710166,86,LAAIQESGVER,586.81714,2,6
30,0.04599987,0.0465332730972922,0.32358,0.51832,0.324820874541539,0.548173667728192,0.2613321,0.1261691,0.29362964781964,0.217792252600166,86,LAAIQESGVER,586.81714,2,7
30,0.046,0.0150670583057577,0.32358,0.51832,0.324820874541539,0.548173667728192,0.2613317,0.1261687,0.27790979108332,0.153819678594649,86,LAAIQESGVER,586.81714,2,13
30,0.046,0.0159412469018872,0.32358,0.51832,0.324820874541539,0.548173667728192,0.2613317,0.1261687,0.259153963702141,0.152216862445299,86,LAAIQESGVER,586.81714,2,16
30,0.046,0.0298916637595722,0.32358,0.51832,0.324820874541539,0.548173667728192,0.2613317,0.1261687,0.31403528269463,0.160021811012802,86,LAAIQESGVER,586.81714,2,21
30,0.046,0.0177971609521771,0.32358,0.51832,0.324820874541539,0.548173667728192,0.2613317,0.1261687,0.284390545975088,0.146020167233021,86,LAAIQESGVER,586.81714,2,24
30,0.046,0.0125061172307427,0.32358,0.51832,0.324820874541539,0.548173667728192,0.2613317,0.1261687,0.274755248454715,0.14865159326061,86,LAAIQESGVER,586.81714,2,31
