NEH,px_t,RMSE,fNatIsotopes,fNatIsotopes[0],current_Exp_isotope_distribution_t0[1],current_Exp_isotope_distribution_t0[0],fLabIsotopes[1],fLabIsotopes[0],current_Exp_isotope_distribution[1],current_Exp_isotope_distribution[0],NumberOfHydrogens,PeptideSeq,SeqMass,Charge,Exp_time
21,0.03855948,0.0920678222363528,0.35119,0.3098,0.364886706605567,0.331002151462068,0.268042,0.1356423,0.367126274371995,0.294976642385967,138,VLWTPQVLTNGVQFFR,635.68427,3,1
21,0.04479649,0.0895748327262808,0.35119,0.3098,0.364886706605567,0.331002151462068,0.250675,0.1183121,0.349930814610203,0.271229666116172,138,VLWTPQVLTNGVQFFR,635.68427,3,2
21,0.04580533,0.0806547547782824,0.35119,0.3098,0.364886706605567,0.331002151462068,0.2478629,0.115715,0.340598406071841,0.25046196292802,138,VLWTPQVLTNGVQFFR,635.68427,3,3
21,0.04599918,0.0523046010563476,0.35119,0.3098,0.364886706605567,0.331002151462068,0.2473231,0.1152224,0.328836600442924,0.186924116832477,138,VLWTPQVLTNGVQFFR,635.68427,3,6
21,0.04599987,0.0438083908632344,0.35119,0.3098,0.364886706605567,0.331002151462068,0.2473211,0.1152206,0.301897596619448,0.189778059810454,138,VLWTPQVLTNGVQFFR,635.68427,3,7
21,0.046,0.0354276511290524,0.35119,0.3098,0.364886706605567,0.331002151462068,0.2473208,0.1152203,0.286960300374025,0.18087002811213,138,VLWTPQVLTNGVQFFR,635.68427,3,9
21,0.046,0.0254002655061669,0.35119,0.3098,0.364886706605567,0.331002151462068,0.2473208,0.1152203,0.279974676841105,0.157282316501968,138,VLWTPQVLTNGVQFFR,635.68427,3,13
21,0.046,0.0191531240456052,0.35119,0.3098,0.364886706605567,0.331002151462068,0.2473208,0.1152203,0.271869829887121,0.149042025775601,138,VLWTPQVLTNGVQFFR,635.68427,3,16
21,0.046,0.0135054697988939,0.35119,0.3098,0.364886706605567,0.331002151462068,0.2473208,0.1152203,0.26930330213583,0.136898644018508,138,VLWTPQVLTNGVQFFR,635.68427,3,21
21,0.046,0.0292687716467503,0.35119,0.3098,0.364886706605567,0.331002151462068,0.2473208,0.1152203,0.214979816098279,0.113638060431102,138,VLWTPQVLTNGVQFFR,635.68427,3,24
21,0.046,0.0104044942184845,0.35119,0.3098,0.364886706605567,0.331002151462068,0.2473208,0.1152203,0.240511272590529,0.128272785410597,138,VLWTPQVLTNGVQFFR,635.68427,3,31
