NEH,px_t,RMSE,fNatIsotopes,fNatIsotopes[0],current_Exp_isotope_distribution_t0[1],current_Exp_isotope_distribution_t0[0],fLabIsotopes[1],fLabIsotopes[0],current_Exp_isotope_distribution[1],current_Exp_isotope_distribution[0],NumberOfHydrogens,PeptideSeq,SeqMass,Charge,Exp_time
24,0.03855948,0.119613545330482,0.33561,0.46764,0.334009477113395,0.480680281210006,0.3057926,0.1819635,0.327356215943186,0.432707518282482,98,EGDVLTLLESER,680.85138,2,1
24,0.04479649,0.130956126921454,0.33561,0.46764,0.334009477113395,0.480680281210006,0.2869429,0.1556459,0.325869520223084,0.42577067157619,98,EGDVLTLLESER,680.85138,2,2
24,0.04580533,0.113829777912866,0.33561,0.46764,0.334009477113395,0.480680281210006,0.2837881,0.1517474,0.319704233114479,0.387682379512701,98,EGDVLTLLESER,680.85138,2,3
24,0.04599918,0.080153713105806,0.33561,0.46764,0.334009477113395,0.480680281210006,0.2831798,0.1510093,0.298322481554851,0.318677003190699,98,EGDVLTLLESER,680.85138,2,6
24,0.04599987,0.0767574872060412,0.33561,0.46764,0.334009477113395,0.480680281210006,0.2831774,0.1510065,0.306749149555021,0.312175225793982,98,EGDVLTLLESER,680.85138,2,7
24,0.046,0.0593802420663294,0.33561,0.46764,0.334009477113395,0.480680281210006,0.2831771,0.1510061,0.311726332264267,0.272899173212745,98,EGDVLTLLESER,680.85138,2,9
24,0.046,0.031114529098025,0.33561,0.46764,0.334009477113395,0.480680281210006,0.2831771,0.1510061,0.295499513352896,0.215958577012141,98,EGDVLTLLESER,680.85138,2,13
24,0.046,0.0325513646819309,0.33561,0.46764,0.334009477113395,0.480680281210006,0.2831771,0.1510061,0.308597379556228,0.211921372475827,98,EGDVLTLLESER,680.85138,2,16
24,0.046,0.00874725458435982,0.33561,0.46764,0.334009477113395,0.480680281210006,0.2831771,0.1510061,0.272275419443514,0.168746463979634,98,EGDVLTLLESER,680.85138,2,24
24,0.046,0.029582943286588,0.33561,0.46764,0.334009477113395,0.480680281210006,0.2831771,0.1510061,0.238678005916891,0.183894479018855,98,EGDVLTLLESER,680.85138,2,31
