NEH,px_t,RMSE,fNatIsotopes,fNatIsotopes[0],current_Exp_isotope_distribution_t0[1],current_Exp_isotope_distribution_t0[0],fLabIsotopes[1],fLabIsotopes[0],current_Exp_isotope_distribution[1],current_Exp_isotope_distribution[0],NumberOfHydrogens,PeptideSeq,SeqMass,Charge,Exp_time
21,0.03855948,0.0205217777682422,0.3311,0.42415,0.359261457353234,0.410217784404743,0.3014267,0.185709,0.313453284578696,0.221570180327214,102,TWTAADMAALITK,696.86322,2,1
21,0.04479649,0.0278390229026136,0.3311,0.42415,0.359261457353234,0.410217784404743,0.2860245,0.1619822,0.335349392991272,0.187914519085737,102,TWTAADMAALITK,696.86322,2,2
21,0.04580533,0.0222870873278239,0.3311,0.42415,0.359261457353234,0.410217784404743,0.2834296,0.1584265,0.321587321214387,0.177858836300636,102,TWTAADMAALITK,696.86322,2,3
21,0.04599918,0.0179430432325204,0.3311,0.42415,0.359261457353234,0.410217784404743,0.2829287,0.157752,0.301211241780775,0.138770365222955,102,TWTAADMAALITK,696.86322,2,6
21,0.04599987,0.00976605516654785,0.3311,0.42415,0.359261457353234,0.410217784404743,0.2829267,0.1577495,0.282775563001382,0.165017917860867,102,TWTAADMAALITK,696.86322,2,7
21,0.046,0.0126013353481403,0.3311,0.42415,0.359261457353234,0.410217784404743,0.2829264,0.1577491,0.271433629961316,0.154704853266738,102,TWTAADMAALITK,696.86322,2,9
21,0.046,0.0138976402435324,0.3311,0.42415,0.359261457353234,0.410217784404743,0.2829264,0.1577491,0.282560230864238,0.149602472462951,102,TWTAADMAALITK,696.86322,2,13
21,0.046,0.0173496806696765,0.3311,0.42415,0.359261457353234,0.410217784404743,0.2829264,0.1577491,0.269012338646802,0.152794340335551,102,TWTAADMAALITK,696.86322,2,16
21,0.046,0.0104124130701694,0.3311,0.42415,0.359261457353234,0.410217784404743,0.2829264,0.1577491,0.298677008399738,0.14277333653335,102,TWTAADMAALITK,696.86322,2,21
21,0.046,0.0145224400022801,0.3311,0.42415,0.359261457353234,0.410217784404743,0.2829264,0.1577491,0.287654167516108,0.161291593461513,102,TWTAADMAALITK,696.86322,2,24
21,0.046,0.0165563464888858,0.3311,0.42415,0.359261457353234,0.410217784404743,0.2829264,0.1577491,0.299769922796084,0.144283592045514,102,TWTAADMAALITK,696.86322,2,31
