NEH,px_t,RMSE,fNatIsotopes,fNatIsotopes[0],current_Exp_isotope_distribution_t0[1],current_Exp_isotope_distribution_t0[0],fLabIsotopes[1],fLabIsotopes[0],current_Exp_isotope_distribution[1],current_Exp_isotope_distribution[0],NumberOfHydrogens,PeptideSeq,SeqMass,Charge,Exp_time
22,0.03855948,0.0618614785857472,0.32009,0.37886,0.328254107339953,0.387376187705471,0.2755035,0.1594821,0.319407428618763,0.280577541117336,97,DLSYcLSGMYDHR,539.56592,3,1
22,0.04479649,0.0585332268301529,0.32009,0.37886,0.328254107339953,0.387376187705471,0.2594007,0.1382036,0.298041426299605,0.256547789927145,97,DLSYcLSGMYDHR,539.56592,3,2
22,0.04580533,0.040279786102457,0.32009,0.37886,0.328254107339953,0.387376187705471,0.2567277,0.1350271,0.299268145930896,0.209070813228595,97,DLSYcLSGMYDHR,539.56592,3,3
22,0.04599918,0.0145649016270548,0.32009,0.37886,0.328254107339953,0.387376187705471,0.2562127,0.1344249,0.273466569554635,0.153073852388321,97,DLSYcLSGMYDHR,539.56592,3,6
22,0.04599987,0.0193218789382715,0.32009,0.37886,0.328254107339953,0.387376187705471,0.2562108,0.1344227,0.296958732659772,0.147327197215584,97,DLSYcLSGMYDHR,539.56592,3,7
22,0.046,0.0122601153013175,0.32009,0.37886,0.328254107339953,0.387376187705471,0.2562105,0.1344223,0.274981524811586,0.137073635386856,97,DLSYcLSGMYDHR,539.56592,3,9
22,0.046,0.0157430877306954,0.32009,0.37886,0.328254107339953,0.387376187705471,0.2562105,0.1344223,0.263038737823102,0.140919632894431,97,DLSYcLSGMYDHR,539.56592,3,13
22,0.046,0.0133940315389418,0.32009,0.37886,0.328254107339953,0.387376187705471,0.2562105,0.1344223,0.276471922751955,0.136987156494824,97,DLSYcLSGMYDHR,539.56592,3,16
22,0.046,0.0124702169373512,0.32009,0.37886,0.328254107339953,0.387376187705471,0.2562105,0.1344223,0.272264763032042,0.148346283976157,97,DLSYcLSGMYDHR,539.56592,3,21
22,0.046,0.00854189795377292,0.32009,0.37886,0.328254107339953,0.387376187705471,0.2562105,0.1344223,0.264599450936822,0.141826202848657,97,DLSYcLSGMYDHR,539.56592,3,24
22,0.046,0.0134145740374979,0.32009,0.37886,0.328254107339953,0.387376187705471,0.2562105,0.1344223,0.277459182532513,0.149006816970326,97,DLSYcLSGMYDHR,539.56592,3,31
