NEH,px_t,RMSE,fNatIsotopes,fNatIsotopes[0],current_Exp_isotope_distribution_t0[1],current_Exp_isotope_distribution_t0[0],fLabIsotopes[1],fLabIsotopes[0],current_Exp_isotope_distribution[1],current_Exp_isotope_distribution[0],NumberOfHydrogens,PeptideSeq,SeqMass,Charge,Exp_time
48,0.03855948,0.138183426389547,0.3424,0.28234,0.349501311022474,0.300488082606614,0.1341618,0.04274819,0.316204281732594,0.26026196997247,153,NYPEGHQAAAVLPVLDLAQR,721.38324,3,1
48,0.04479649,0.133078422937016,0.3424,0.28234,0.349501311022474,0.300488082606614,0.1083593,0.03127695,0.282648621373051,0.242624800066479,153,NYPEGHQAAAVLPVLDLAQR,721.38324,3,2
48,0.04580533,0.114451180727099,0.3424,0.28234,0.349501311022474,0.300488082606614,0.1045791,0.02972976,0.277033220278169,0.197073625056497,153,NYPEGHQAAAVLPVLDLAQR,721.38324,3,3
48,0.04599918,0.0690578686419813,0.3424,0.28234,0.349501311022474,0.300488082606614,0.1038653,0.02944125,0.208996432997386,0.126711556646414,153,NYPEGHQAAAVLPVLDLAQR,721.38324,3,6
48,0.04599987,0.0611307155685242,0.3424,0.28234,0.349501311022474,0.300488082606614,0.1038626,0.02944019,0.195884821675987,0.118627686925842,153,NYPEGHQAAAVLPVLDLAQR,721.38324,3,7
48,0.046,0.0503021362103644,0.3424,0.28234,0.349501311022474,0.300488082606614,0.1038622,0.02944001,0.175357057505659,0.114041563630604,153,NYPEGHQAAAVLPVLDLAQR,721.38324,3,9
48,0.046,0.0345946320718907,0.3424,0.28234,0.349501311022474,0.300488082606614,0.1038622,0.02944001,0.150807447245944,0.0753628574427469,153,NYPEGHQAAAVLPVLDLAQR,721.38324,3,13
48,0.046,0.0291994563357935,0.3424,0.28234,0.349501311022474,0.300488082606614,0.1038622,0.02944001,0.144780784465476,0.0572461422377397,153,NYPEGHQAAAVLPVLDLAQR,721.38324,3,21
48,0.046,0.0250572660693786,0.3424,0.28234,0.349501311022474,0.300488082606614,0.1038622,0.02944001,0.127642256250773,0.043317897503506,153,NYPEGHQAAAVLPVLDLAQR,721.38324,3,24
48,0.046,0.0254032691658319,0.3424,0.28234,0.349501311022474,0.300488082606614,0.1038622,0.02944001,0.128695759203455,0.0474071003870824,153,NYPEGHQAAAVLPVLDLAQR,721.38324,3,31
