NEH,px_t,RMSE,fNatIsotopes,fNatIsotopes[0],current_Exp_isotope_distribution_t0[1],current_Exp_isotope_distribution_t0[0],fLabIsotopes[1],fLabIsotopes[0],current_Exp_isotope_distribution[1],current_Exp_isotope_distribution[0],NumberOfHydrogens,PeptideSeq,SeqMass,Charge,Exp_time
16,0.03855948,0.101388913389622,0.33047,0.50514,0.327980270753313,0.519876899420903,0.3489555,0.2692321,0.349916184492632,0.48091154234512,91,GTEITHAVVIK,389.8959,3,1
16,0.04479649,0.0992166365809868,0.33047,0.50514,0.327980270753313,0.519876899420903,0.3408111,0.2426028,0.355792210436954,0.448292832982673,91,GTEITHAVVIK,389.8959,3,2
16,0.04580533,0.0940189889849321,0.33047,0.50514,0.327980270753313,0.519876899420903,0.3393219,0.2385346,0.349820420828078,0.434663553499766,91,GTEITHAVVIK,389.8959,3,3
16,0.04599918,0.0655500161080151,0.33047,0.50514,0.327980270753313,0.519876899420903,0.339031,0.2377605,0.360117884033218,0.370736600056962,91,GTEITHAVVIK,389.8959,3,6
16,0.04599987,0.061205859240699,0.33047,0.50514,0.327980270753313,0.519876899420903,0.3390298,0.2377577,0.358892379810834,0.361582782092592,91,GTEITHAVVIK,389.8959,3,7
16,0.046,0.0444678206627871,0.33047,0.50514,0.327980270753313,0.519876899420903,0.3390297,0.2377572,0.354047399435836,0.326478585325559,91,GTEITHAVVIK,389.8959,3,9
16,0.046,0.035695309496184,0.33047,0.50514,0.327980270753313,0.519876899420903,0.3390297,0.2377572,0.356251435273193,0.306614666049804,91,GTEITHAVVIK,389.8959,3,13
16,0.046,0.0232417129504202,0.33047,0.50514,0.327980270753313,0.519876899420903,0.3390297,0.2377572,0.336655873071965,0.287257909552746,91,GTEITHAVVIK,389.8959,3,16
16,0.046,0.00850914613797815,0.33047,0.50514,0.327980270753313,0.519876899420903,0.3390297,0.2377572,0.34264751920726,0.254132910724929,91,GTEITHAVVIK,389.8959,3,21
16,0.046,0.00801680322814935,0.33047,0.50514,0.327980270753313,0.519876899420903,0.3390297,0.2377572,0.349716986625774,0.250505075994332,91,GTEITHAVVIK,389.8959,3,24
16,0.046,0.019194006204221,0.33047,0.50514,0.327980270753313,0.519876899420903,0.3390297,0.2377572,0.31659635387913,0.209976142653129,91,GTEITHAVVIK,389.8959,3,31
