NEH,px_t,RMSE,fNatIsotopes,fNatIsotopes[0],current_Exp_isotope_distribution_t0[1],current_Exp_isotope_distribution_t0[0],fLabIsotopes[1],fLabIsotopes[0],current_Exp_isotope_distribution[1],current_Exp_isotope_distribution[0],NumberOfHydrogens,PeptideSeq,SeqMass,Charge,Exp_time
22,0.03855948,0.0949049014483259,0.30575,0.51227,0.306784072547257,0.504842275718676,0.3190338,0.2156414,0.297980308669002,0.41266273370525,78,ALGATDcLNPR,594.29547,2,1
22,0.04479649,0.0545037961286609,0.30575,0.51227,0.306784072547257,0.504842275718676,0.3043968,0.1868699,0.312735273065548,0.302784546075846,78,ALGATDcLNPR,594.29547,2,2
22,0.04580533,0.0525563219835661,0.30575,0.51227,0.306784072547257,0.504842275718676,0.3018477,0.1825748,0.278802541082585,0.278743697170158,78,ALGATDcLNPR,594.29547,2,3
22,0.04599987,0.0267164209786661,0.30575,0.51227,0.306784072547257,0.504842275718676,0.3013515,0.1817576,0.288189297778294,0.204647985679597,78,ALGATDcLNPR,594.29547,2,7
22,0.046,0.0265166098049649,0.30575,0.51227,0.306784072547257,0.504842275718676,0.3013512,0.1817571,0.299271390198565,0.223112675246418,78,ALGATDcLNPR,594.29547,2,9
22,0.046,0.0153814477852708,0.30575,0.51227,0.306784072547257,0.504842275718676,0.3013512,0.1817571,0.304676610318016,0.181892549191181,78,ALGATDcLNPR,594.29547,2,13
22,0.046,0.0122796955643043,0.30575,0.51227,0.306784072547257,0.504842275718676,0.3013512,0.1817571,0.303812926005429,0.166047913550202,78,ALGATDcLNPR,594.29547,2,16
22,0.046,0.0135299143288218,0.30575,0.51227,0.306784072547257,0.504842275718676,0.3013512,0.1817571,0.303562785517488,0.176283628823857,78,ALGATDcLNPR,594.29547,2,24
22,0.046,0.0190796475322466,0.30575,0.51227,0.306784072547257,0.504842275718676,0.3013512,0.1817571,0.273554539652447,0.195403555478971,78,ALGATDcLNPR,594.29547,2,31
