NEH,px_t,RMSE,fNatIsotopes,fNatIsotopes[0],current_Exp_isotope_distribution_t0[1],current_Exp_isotope_distribution_t0[0],fLabIsotopes[1],fLabIsotopes[0],current_Exp_isotope_distribution[1],current_Exp_isotope_distribution[0],NumberOfHydrogens,PeptideSeq,SeqMass,Charge,Exp_time
30,0.03855948,0.125585739010802,0.35528,0.35148,0.347002760903308,0.369766809854378,0.2391895,0.1080168,0.340616185403697,0.34700972024269,119,AAGVSVEPFWPGLFAK,838.44574,2,1
30,0.04479649,0.132060266461716,0.35528,0.35148,0.347002760903308,0.369766809854378,0.214868,0.08885525,0.342273404377415,0.329381005794953,119,AAGVSVEPFWPGLFAK,838.44574,2,2
30,0.04580533,0.121208356737249,0.35528,0.35148,0.347002760903308,0.369766809854378,0.2110212,0.08608203,0.329024323726323,0.30772626795958,119,AAGVSVEPFWPGLFAK,838.44574,2,3
30,0.04599918,0.0970185287585603,0.35528,0.35148,0.347002760903308,0.369766809854378,0.2102857,0.08555897,0.316350526538184,0.256605378638891,119,AAGVSVEPFWPGLFAK,838.44574,2,6
30,0.04599987,0.0874507503329023,0.35528,0.35148,0.347002760903308,0.369766809854378,0.2102829,0.08555704,0.301382219322048,0.243317398339592,119,AAGVSVEPFWPGLFAK,838.44574,2,7
30,0.046,0.0726315606036302,0.35528,0.35148,0.347002760903308,0.369766809854378,0.2102825,0.08555672,0.293819034491133,0.212782616301049,119,AAGVSVEPFWPGLFAK,838.44574,2,9
30,0.046,0.047828599834242,0.35528,0.35148,0.347002760903308,0.369766809854378,0.2102825,0.08555672,0.26678703783873,0.171350757443161,119,AAGVSVEPFWPGLFAK,838.44574,2,13
30,0.046,0.0360794144355469,0.35528,0.35148,0.347002760903308,0.369766809854378,0.2102825,0.08555672,0.261310250833265,0.142678049530559,119,AAGVSVEPFWPGLFAK,838.44574,2,21
30,0.046,0.0261494428482257,0.35528,0.35148,0.347002760903308,0.369766809854378,0.2102825,0.08555672,0.24514417126904,0.129672448824976,119,AAGVSVEPFWPGLFAK,838.44574,2,24
30,0.046,0.0192714608225831,0.35528,0.35148,0.347002760903308,0.369766809854378,0.2102825,0.08555672,0.243209015949375,0.113423194779236,119,AAGVSVEPFWPGLFAK,838.44574,2,31
