NEH,px_t,RMSE,fNatIsotopes,fNatIsotopes[0],current_Exp_isotope_distribution_t0[1],current_Exp_isotope_distribution_t0[0],fLabIsotopes[1],fLabIsotopes[0],current_Exp_isotope_distribution[1],current_Exp_isotope_distribution[0],NumberOfHydrogens,PeptideSeq,SeqMass,Charge,Exp_time
17,0.03855948,0.0179056952757272,0.35331,0.33268,0.391511397096859,0.338974649112056,0.2973139,0.1704753,0.312383285046579,0.206195549494582,132,VFVDLFNLSTYLVPR,594.9978,3,1
17,0.04479649,0.0331514939421099,0.35331,0.33268,0.391511397096859,0.338974649112056,0.2837947,0.1526172,0.347064684350614,0.182114047093026,132,VFVDLFNLSTYLVPR,594.9978,3,2
17,0.04580533,0.0139333606655873,0.35331,0.33268,0.391511397096859,0.338974649112056,0.2815626,0.1498995,0.308956543467294,0.160290094866738,132,VFVDLFNLSTYLVPR,594.9978,3,3
17,0.04599918,0.0136357006971582,0.35331,0.33268,0.391511397096859,0.338974649112056,0.2811328,0.1493826,0.28637955771462,0.149855531182863,132,VFVDLFNLSTYLVPR,594.9978,3,6
17,0.04599987,0.0152062386212018,0.35331,0.33268,0.391511397096859,0.338974649112056,0.2811311,0.1493807,0.306924602474778,0.162487659457963,132,VFVDLFNLSTYLVPR,594.9978,3,7
17,0.046,0.0168433382514924,0.35331,0.33268,0.391511397096859,0.338974649112056,0.2811309,0.1493804,0.302738366401221,0.157306101862226,132,VFVDLFNLSTYLVPR,594.9978,3,9
17,0.046,0.0139931544684673,0.35331,0.33268,0.391511397096859,0.338974649112056,0.2811309,0.1493804,0.310855775358298,0.153944722309332,132,VFVDLFNLSTYLVPR,594.9978,3,13
17,0.046,0.0164575895066494,0.35331,0.33268,0.391511397096859,0.338974649112056,0.2811309,0.1493804,0.271109559160858,0.127735468837989,132,VFVDLFNLSTYLVPR,594.9978,3,16
17,0.046,0.0138102528193798,0.35331,0.33268,0.391511397096859,0.338974649112056,0.2811309,0.1493804,0.302515974014428,0.146274306805059,132,VFVDLFNLSTYLVPR,594.9978,3,21
17,0.046,0.0102660164600376,0.35331,0.33268,0.391511397096859,0.338974649112056,0.2811309,0.1493804,0.280889762009504,0.146529268336899,132,VFVDLFNLSTYLVPR,594.9978,3,24
