NEH,px_t,RMSE,fNatIsotopes,fNatIsotopes[0],current_Exp_isotope_distribution_t0[1],current_Exp_isotope_distribution_t0[0],fLabIsotopes[1],fLabIsotopes[0],current_Exp_isotope_distribution[1],current_Exp_isotope_distribution[0],NumberOfHydrogens,PeptideSeq,SeqMass,Charge,Exp_time
25,0.03855948,0.102673380728588,0.3335,0.41686,0.309569976243126,0.405117977366532,0.2811754,0.155949,0.329000315940558,0.3554671681912,108,cVILPEIQKPER,494.60965,3,1
25,0.04479649,0.104933775118732,0.3335,0.41686,0.309569976243126,0.405117977366532,0.2614568,0.1325284,0.314187151101846,0.312076758918412,108,cVILPEIQKPER,494.60965,3,2
25,0.04580533,0.0877033951150055,0.3335,0.41686,0.309569976243126,0.405117977366532,0.2582115,0.1290724,0.239027146572272,0.251398158198037,108,cVILPEIQKPER,494.60965,3,3
25,0.04599918,0.0743141502854384,0.3335,0.41686,0.309569976243126,0.405117977366532,0.2575872,0.1284185,0.267103261535644,0.209448993597797,108,cVILPEIQKPER,494.60965,3,6
25,0.04599987,0.0553455595444889,0.3335,0.41686,0.309569976243126,0.405117977366532,0.2575848,0.1284161,0.249619766055065,0.186558513856222,108,cVILPEIQKPER,494.60965,3,7
25,0.046,0.052258017624556,0.3335,0.41686,0.309569976243126,0.405117977366532,0.2575845,0.1284157,0.283546420589996,0.174505103600587,108,cVILPEIQKPER,494.60965,3,9
25,0.046,0.0470843424261202,0.3335,0.41686,0.309569976243126,0.405117977366532,0.2575845,0.1284157,0.234931594548199,0.135678855107149,108,cVILPEIQKPER,494.60965,3,16
25,0.046,0.0428164657134806,0.3335,0.41686,0.309569976243126,0.405117977366532,0.2575845,0.1284157,0.268848974478915,0.145434072511912,108,cVILPEIQKPER,494.60965,3,21
25,0.046,0.0330126374697118,0.3335,0.41686,0.309569976243126,0.405117977366532,0.2575845,0.1284157,0.259198750469351,0.118645312883031,108,cVILPEIQKPER,494.60965,3,24
