NEH,px_t,RMSE,fNatIsotopes,fNatIsotopes[0],current_Exp_isotope_distribution_t0[1],current_Exp_isotope_distribution_t0[0],fLabIsotopes[1],fLabIsotopes[0],current_Exp_isotope_distribution[1],current_Exp_isotope_distribution[0],NumberOfHydrogens,PeptideSeq,SeqMass,Charge,Exp_time
29,0.03855948,0.106310712082645,0.3531,0.35617,0.35596069627992,0.390646813900789,0.245324,0.1138488,0.32885231453984,0.318105053652441,132,HGLLPSETIAVVEHIK,581.66486,3,1
29,0.04479649,0.094743513365315,0.3531,0.35617,0.35596069627992,0.390646813900789,0.2216941,0.09426426,0.316384741009919,0.264490419300997,132,HGLLPSETIAVVEHIK,581.66486,3,2
29,0.04580533,0.0707357474465897,0.3531,0.35617,0.35596069627992,0.390646813900789,0.2179375,0.09141879,0.289016615015161,0.222083701398376,132,HGLLPSETIAVVEHIK,581.66486,3,3
29,0.04599918,0.0317233892058629,0.3531,0.35617,0.35596069627992,0.390646813900789,0.2172186,0.09088176,0.264633936592401,0.1348843666838,132,HGLLPSETIAVVEHIK,581.66486,3,6
29,0.046,0.027576915535675,0.3531,0.35617,0.35596069627992,0.390646813900789,0.2172155,0.09087946,0.247116320431695,0.132050293189903,132,HGLLPSETIAVVEHIK,581.66486,3,9
29,0.046,0.0147661326146738,0.3531,0.35617,0.35596069627992,0.390646813900789,0.2172155,0.09087946,0.244953033521782,0.107744156070265,132,HGLLPSETIAVVEHIK,581.66486,3,21
29,0.046,0.0152889464214782,0.3531,0.35617,0.35596069627992,0.390646813900789,0.2172155,0.09087946,0.228043759501743,0.10023703374138,132,HGLLPSETIAVVEHIK,581.66486,3,24
29,0.046,0.0122096920015164,0.3531,0.35617,0.35596069627992,0.390646813900789,0.2172155,0.09087946,0.22517417180345,0.112040304200503,132,HGLLPSETIAVVEHIK,581.66486,3,31
