NEH,px_t,RMSE,fNatIsotopes,fNatIsotopes[0],current_Exp_isotope_distribution_t0[1],current_Exp_isotope_distribution_t0[0],fLabIsotopes[1],fLabIsotopes[0],current_Exp_isotope_distribution[1],current_Exp_isotope_distribution[0],NumberOfHydrogens,PeptideSeq,SeqMass,Charge,Exp_time
29,0.03855948,0.11968386996541,0.33309,0.47292,0.36370960892724,0.501098220840528,0.2823462,0.1511676,0.337764229184398,0.396696752349735,83,FDDGAGGDNEVQR,690.29474,2,1
29,0.04479649,0.0994136246991612,0.33309,0.47292,0.36370960892724,0.501098220840528,0.2584352,0.1251634,0.341832986887943,0.312342773556447,83,FDDGAGGDNEVQR,690.29474,2,2
29,0.04580533,0.0817873631111772,0.33309,0.47292,0.36370960892724,0.501098220840528,0.2545317,0.1213852,0.32982589752484,0.270003493689201,83,FDDGAGGDNEVQR,690.29474,2,3
29,0.04599918,0.0285924184819537,0.33309,0.47292,0.36370960892724,0.501098220840528,0.2537819,0.1206722,0.268072435657155,0.152388978937112,83,FDDGAGGDNEVQR,690.29474,2,6
29,0.04599987,0.0388623081918436,0.33309,0.47292,0.36370960892724,0.501098220840528,0.2537791,0.1206695,0.291395617036825,0.149127294609726,83,FDDGAGGDNEVQR,690.29474,2,7
29,0.046,0.0280462765157972,0.33309,0.47292,0.36370960892724,0.501098220840528,0.2537786,0.1206691,0.292628043931344,0.146249240722645,83,FDDGAGGDNEVQR,690.29474,2,9
29,0.046,0.0376618333693333,0.33309,0.47292,0.36370960892724,0.501098220840528,0.2537786,0.1206691,0.277851927517766,0.101175348347541,83,FDDGAGGDNEVQR,690.29474,2,13
29,0.046,0.0307138362123642,0.33309,0.47292,0.36370960892724,0.501098220840528,0.2537786,0.1206691,0.254622170021917,0.0921690603079544,83,FDDGAGGDNEVQR,690.29474,2,16
29,0.046,0.0294057942919715,0.33309,0.47292,0.36370960892724,0.501098220840528,0.2537786,0.1206691,0.262085271758659,0.128013395520303,83,FDDGAGGDNEVQR,690.29474,2,24
29,0.046,0.0278065925432816,0.33309,0.47292,0.36370960892724,0.501098220840528,0.2537786,0.1206691,0.278669393354728,0.125842413580005,83,FDDGAGGDNEVQR,690.29474,2,31
