NEH,px_t,RMSE,fNatIsotopes,fNatIsotopes[0],current_Exp_isotope_distribution_t0[1],current_Exp_isotope_distribution_t0[0],fLabIsotopes[1],fLabIsotopes[0],current_Exp_isotope_distribution[1],current_Exp_isotope_distribution[0],NumberOfHydrogens,PeptideSeq,SeqMass,Charge,Exp_time
22,0.03855948,0.105258958541572,0.35251,0.3913,0.369145272614204,0.411233885013599,0.2937727,0.1647188,0.361704931872131,0.368021816907861,106,LFINNEWHDAVSK,524.9317,3,1
22,0.04479649,0.101645843878698,0.35251,0.3913,0.369145272614204,0.411233885013599,0.2759107,0.1427415,0.34874632628505,0.337710904516669,106,LFINNEWHDAVSK,524.9317,3,2
22,0.04580533,0.0903342043510109,0.35251,0.3913,0.369145272614204,0.411233885013599,0.2729661,0.1394607,0.338561260716176,0.311830195570758,106,LFINNEWHDAVSK,524.9317,3,3
22,0.04599918,0.0640899426942399,0.35251,0.3913,0.369145272614204,0.411233885013599,0.2723995,0.1388388,0.322945642003484,0.26179297485269,106,LFINNEWHDAVSK,524.9317,3,6
22,0.04599987,0.0681678435958834,0.35251,0.3913,0.369145272614204,0.411233885013599,0.2723973,0.1388365,0.320804205478189,0.272481428482178,106,LFINNEWHDAVSK,524.9317,3,7
22,0.046,0.0577410806062376,0.35251,0.3913,0.369145272614204,0.411233885013599,0.272397,0.1388361,0.303603197204692,0.255773251026946,106,LFINNEWHDAVSK,524.9317,3,9
22,0.046,0.0243865388621197,0.35251,0.3913,0.369145272614204,0.411233885013599,0.272397,0.1388361,0.28295416183492,0.189552437618778,106,LFINNEWHDAVSK,524.9317,3,13
22,0.046,0.0198627540318162,0.35251,0.3913,0.369145272614204,0.411233885013599,0.272397,0.1388361,0.275933597949314,0.178168948614197,106,LFINNEWHDAVSK,524.9317,3,16
22,0.046,0.0201488338877349,0.35251,0.3913,0.369145272614204,0.411233885013599,0.272397,0.1388361,0.29856490456376,0.173641873844945,106,LFINNEWHDAVSK,524.9317,3,21
22,0.046,0.0140391048593702,0.35251,0.3913,0.369145272614204,0.411233885013599,0.272397,0.1388361,0.290978272963859,0.161148262176214,106,LFINNEWHDAVSK,524.9317,3,24
22,0.046,0.0143434410524895,0.35251,0.3913,0.369145272614204,0.411233885013599,0.272397,0.1388361,0.298747093644658,0.143167159680994,106,LFINNEWHDAVSK,524.9317,3,31
