NEH,px_t,RMSE,fNatIsotopes,fNatIsotopes[0],current_Exp_isotope_distribution_t0[1],current_Exp_isotope_distribution_t0[0],fLabIsotopes[1],fLabIsotopes[0],current_Exp_isotope_distribution[1],current_Exp_isotope_distribution[0],NumberOfHydrogens,PeptideSeq,SeqMass,Charge,Exp_time
25,0.03855948,0.114251819595092,0.33849,0.47076,0.313946927247281,0.456523410042888,0.3032663,0.1761132,0.305309897475898,0.423673514188148,93,SLVSPASFENVR,653.34351,2,1
25,0.04479649,0.119043048724133,0.33849,0.47076,0.313946927247281,0.456523410042888,0.2831403,0.1496643,0.306895147095949,0.402262856906999,93,SLVSPASFENVR,653.34351,2,2
25,0.04580533,0.105007184536987,0.33849,0.47076,0.313946927247281,0.456523410042888,0.2797915,0.1457615,0.307015523166683,0.367057634775163,93,SLVSPASFENVR,653.34351,2,3
25,0.04599918,0.0828205943221543,0.33849,0.47076,0.313946927247281,0.456523410042888,0.2791464,0.145023,0.311386280281364,0.315625023742253,93,SLVSPASFENVR,653.34351,2,6
25,0.04599987,0.074043996902226,0.33849,0.47076,0.313946927247281,0.456523410042888,0.2791439,0.1450203,0.314265759105779,0.297989275168309,93,SLVSPASFENVR,653.34351,2,7
25,0.046,0.0657021019850078,0.33849,0.47076,0.313946927247281,0.456523410042888,0.2791435,0.1450199,0.314440463567911,0.279547350147876,93,SLVSPASFENVR,653.34351,2,9
25,0.046,0.0459137874609509,0.33849,0.47076,0.313946927247281,0.456523410042888,0.2791435,0.1450199,0.30190298531464,0.239089524897632,93,SLVSPASFENVR,653.34351,2,13
25,0.046,0.0168560854002499,0.33849,0.47076,0.313946927247281,0.456523410042888,0.2791435,0.1450199,0.29233458578038,0.178812183215209,93,SLVSPASFENVR,653.34351,2,31
