NEH,px_t,RMSE,fNatIsotopes,fNatIsotopes[0],current_Exp_isotope_distribution_t0[1],current_Exp_isotope_distribution_t0[0],fLabIsotopes[1],fLabIsotopes[0],current_Exp_isotope_distribution[1],current_Exp_isotope_distribution[0],NumberOfHydrogens,PeptideSeq,SeqMass,Charge,Exp_time
26,0.03855948,0.089182018123932,0.35095,0.37308,0.319650089640621,0.373694121952439,0.2661982,0.1341881,0.290685429470533,0.319623209456416,114,HEWQVNGLDDIKDR,575.61652,3,1
26,0.04479649,0.0858891708071571,0.35095,0.37308,0.319650089640621,0.373694121952439,0.2447643,0.1132957,0.269893147498615,0.272131049833739,114,HEWQVNGLDDIKDR,575.61652,3,2
26,0.04580533,0.0658336585176034,0.35095,0.37308,0.319650089640621,0.373694121952439,0.2413028,0.1102247,0.239667677153086,0.234773429430525,114,HEWQVNGLDDIKDR,575.61652,3,3
26,0.04599918,0.040431646694991,0.35095,0.37308,0.319650089640621,0.373694121952439,0.2406388,0.109644,0.249847608137069,0.186178267617709,114,HEWQVNGLDDIKDR,575.61652,3,6
26,0.04599987,0.0374572947409856,0.35095,0.37308,0.319650089640621,0.373694121952439,0.2406363,0.1096419,0.261468421418786,0.188313067924539,114,HEWQVNGLDDIKDR,575.61652,3,7
26,0.046,0.076008749617266,0.35095,0.37308,0.319650089640621,0.373694121952439,0.2406359,0.1096415,0.200572106774098,0.149197120077012,114,HEWQVNGLDDIKDR,575.61652,3,9
26,0.046,0.0531226975847678,0.35095,0.37308,0.319650089640621,0.373694121952439,0.2406359,0.1096415,0.201070499278651,0.134301138806616,114,HEWQVNGLDDIKDR,575.61652,3,13
26,0.046,0.0385372780526669,0.35095,0.37308,0.319650089640621,0.373694121952439,0.2406359,0.1096415,0.224009719976352,0.137364896121263,114,HEWQVNGLDDIKDR,575.61652,3,21
26,0.046,0.0266189490106866,0.35095,0.37308,0.319650089640621,0.373694121952439,0.2406359,0.1096415,0.231029383910898,0.137837585534615,114,HEWQVNGLDDIKDR,575.61652,3,24
26,0.046,0.0188449114534615,0.35095,0.37308,0.319650089640621,0.373694121952439,0.2406359,0.1096415,0.22755651621095,0.139050678405493,114,HEWQVNGLDDIKDR,575.61652,3,31
