NEH,px_t,RMSE,fNatIsotopes,fNatIsotopes[0],current_Exp_isotope_distribution_t0[1],current_Exp_isotope_distribution_t0[0],fLabIsotopes[1],fLabIsotopes[0],current_Exp_isotope_distribution[1],current_Exp_isotope_distribution[0],NumberOfHydrogens,PeptideSeq,SeqMass,Charge,Exp_time
45,0.03855948,0.13037873617065,0.34046,0.29046,0.366091628763404,0.308906811003999,0.1473404,0.04948489,0.288435904972367,0.275672307872074,142,SATAVNYHYQQTDSGQSSIR,738.34546,3,1
45,0.04479649,0.130387309176184,0.34046,0.29046,0.366091628763404,0.308906811003999,0.121215,0.03691986,0.282972208777666,0.247401379425342,142,SATAVNYHYQQTDSGQSSIR,738.34546,3,2
45,0.04580533,0.120222957181292,0.34046,0.29046,0.366091628763404,0.308906811003999,0.1173388,0.03520498,0.299554655114132,0.20424292692471,142,SATAVNYHYQQTDSGQSSIR,738.34546,3,3
45,0.04599918,0.0666598926142615,0.34046,0.29046,0.366091628763404,0.308906811003999,0.1166054,0.03488459,0.209844292852817,0.144109056466748,142,SATAVNYHYQQTDSGQSSIR,738.34546,3,6
45,0.04599987,0.0686301140802102,0.34046,0.29046,0.366091628763404,0.308906811003999,0.1166026,0.03488342,0.208469168641334,0.146068506508553,142,SATAVNYHYQQTDSGQSSIR,738.34546,3,7
45,0.046,0.0481794402714154,0.34046,0.29046,0.366091628763404,0.308906811003999,0.1166022,0.03488322,0.207171128829013,0.0969881966568764,142,SATAVNYHYQQTDSGQSSIR,738.34546,3,9
45,0.046,0.0548095580799751,0.34046,0.29046,0.366091628763404,0.308906811003999,0.1166022,0.03488322,0.201614885534265,0.12510623568719,142,SATAVNYHYQQTDSGQSSIR,738.34546,3,13
45,0.046,0.0351228830117681,0.34046,0.29046,0.366091628763404,0.308906811003999,0.1166022,0.03488322,0.160683838903248,0.0562545616820969,142,SATAVNYHYQQTDSGQSSIR,738.34546,3,16
45,0.046,0.0290814250246903,0.34046,0.29046,0.366091628763404,0.308906811003999,0.1166022,0.03488322,0.152905583942941,0.0755756227481274,142,SATAVNYHYQQTDSGQSSIR,738.34546,3,24
45,0.046,0.0307525760523201,0.34046,0.29046,0.366091628763404,0.308906811003999,0.1166022,0.03488322,0.169674538078216,0.0459227407870845,142,SATAVNYHYQQTDSGQSSIR,738.34546,3,31
