NEH,px_t,RMSE,fNatIsotopes,fNatIsotopes[0],current_Exp_isotope_distribution_t0[1],current_Exp_isotope_distribution_t0[0],fLabIsotopes[1],fLabIsotopes[0],current_Exp_isotope_distribution[1],current_Exp_isotope_distribution[0],NumberOfHydrogens,PeptideSeq,SeqMass,Charge,Exp_time
30,0.03855948,0.0952402231451905,0.33952,0.44961,0.370666413711768,0.467883768427492,0.2706423,0.1381741,0.35967566628361,0.311651835589075,98,SQQSPEGTSHGLTK,486.23907,3,1
30,0.04479649,0.0823425743292317,0.33952,0.44961,0.370666413711768,0.467883768427492,0.2457972,0.1136628,0.368184783845345,0.230616201557047,98,SQQSPEGTSHGLTK,486.23907,3,2
30,0.04580533,0.0431731882147731,0.33952,0.44961,0.370666413711768,0.467883768427492,0.2417834,0.1101153,0.296207700302865,0.179875352076978,98,SQQSPEGTSHGLTK,486.23907,3,3
30,0.04599918,0.0195642546975933,0.33952,0.44961,0.370666413711768,0.467883768427492,0.2410136,0.1094462,0.254574196786541,0.139958804516849,98,SQQSPEGTSHGLTK,486.23907,3,6
30,0.04599987,0.0241469666844665,0.33952,0.44961,0.370666413711768,0.467883768427492,0.2410107,0.1094438,0.268687170085931,0.14378224902202,98,SQQSPEGTSHGLTK,486.23907,3,7
30,0.046,0.0274587062195294,0.33952,0.44961,0.370666413711768,0.467883768427492,0.2410102,0.1094434,0.228103078046857,0.146855011725184,98,SQQSPEGTSHGLTK,486.23907,3,9
30,0.046,0.0223348444223585,0.33952,0.44961,0.370666413711768,0.467883768427492,0.2410102,0.1094434,0.289086026624162,0.123135824427287,98,SQQSPEGTSHGLTK,486.23907,3,13
30,0.046,0.0186024808249296,0.33952,0.44961,0.370666413711768,0.467883768427492,0.2410102,0.1094434,0.271459872738383,0.122971287581094,98,SQQSPEGTSHGLTK,486.23907,3,16
30,0.046,0.028406895900592,0.33952,0.44961,0.370666413711768,0.467883768427492,0.2410102,0.1094434,0.283714842832298,0.12065089450689,98,SQQSPEGTSHGLTK,486.23907,3,21
30,0.046,0.0262236883508283,0.33952,0.44961,0.370666413711768,0.467883768427492,0.2410102,0.1094434,0.286077678674562,0.140203937378796,98,SQQSPEGTSHGLTK,486.23907,3,24
30,0.046,0.0254829838358988,0.33952,0.44961,0.370666413711768,0.467883768427492,0.2410102,0.1094434,0.266926363286274,0.151588059743782,98,SQQSPEGTSHGLTK,486.23907,3,31
