NEH,px_t,RMSE,fNatIsotopes,fNatIsotopes[0],current_Exp_isotope_distribution_t0[1],current_Exp_isotope_distribution_t0[0],fLabIsotopes[1],fLabIsotopes[0],current_Exp_isotope_distribution[1],current_Exp_isotope_distribution[0],NumberOfHydrogens,PeptideSeq,SeqMass,Charge,Exp_time
21,0.03855948,0.0917402306412991,0.34071,0.3534,0.344204249706572,0.377416190188049,0.2795364,0.154732,0.326905912678126,0.342719130810807,131,VALPGVGVSMLNVFLK,822.48132,2,1
21,0.04479649,0.104360385081721,0.34071,0.3534,0.344204249706572,0.377416190188049,0.2630763,0.1349629,0.341270549967578,0.336851332679233,131,VALPGVGVSMLNVFLK,822.48132,2,2
21,0.04580533,0.0871073495506219,0.34071,0.3534,0.344204249706572,0.377416190188049,0.2603707,0.1320003,0.333190482443121,0.298858557742121,131,VALPGVGVSMLNVFLK,822.48132,2,3
21,0.04599918,0.0585103277196349,0.34071,0.3534,0.344204249706572,0.377416190188049,0.2598502,0.1314383,0.325039211335368,0.234579130255112,131,VALPGVGVSMLNVFLK,822.48132,2,6
21,0.04599987,0.0453006805241732,0.34071,0.3534,0.344204249706572,0.377416190188049,0.2598482,0.1314362,0.313724626526301,0.208027284944843,131,VALPGVGVSMLNVFLK,822.48132,2,7
21,0.046,0.0394644221697657,0.34071,0.3534,0.344204249706572,0.377416190188049,0.2598479,0.1314359,0.299064734851988,0.205184487095667,131,VALPGVGVSMLNVFLK,822.48132,2,9
21,0.046,0.0291894137486425,0.34071,0.3534,0.344204249706572,0.377416190188049,0.2598479,0.1314359,0.294698343580648,0.169288485835885,131,VALPGVGVSMLNVFLK,822.48132,2,13
21,0.046,0.0219500604485201,0.34071,0.3534,0.344204249706572,0.377416190188049,0.2598479,0.1314359,0.287737724363391,0.171059699548499,131,VALPGVGVSMLNVFLK,822.48132,2,16
21,0.046,0.0226400295306598,0.34071,0.3534,0.344204249706572,0.377416190188049,0.2598479,0.1314359,0.279309074253293,0.158171735055229,131,VALPGVGVSMLNVFLK,822.48132,2,21
21,0.046,0.0154914758649337,0.34071,0.3534,0.344204249706572,0.377416190188049,0.2598479,0.1314359,0.289966399230532,0.13597296166205,131,VALPGVGVSMLNVFLK,822.48132,2,24
21,0.046,0.0128493204105533,0.34071,0.3534,0.344204249706572,0.377416190188049,0.2598479,0.1314359,0.286563934910867,0.143257872529895,131,VALPGVGVSMLNVFLK,822.48132,2,31
