NEH,px_t,RMSE,fNatIsotopes,fNatIsotopes[0],current_Exp_isotope_distribution_t0[1],current_Exp_isotope_distribution_t0[0],fLabIsotopes[1],fLabIsotopes[0],current_Exp_isotope_distribution[1],current_Exp_isotope_distribution[0],NumberOfHydrogens,PeptideSeq,SeqMass,Charge,Exp_time
28,0.03855948,0.0755906339249606,0.3525,0.37275,0.351331203087614,0.386970354719756,0.2564065,0.1239279,0.311647127432461,0.272153397809697,125,GLTVVQAFQELVEPK,829.46161,2,1
28,0.04479649,0.0750507468895118,0.3525,0.37275,0.351331203087614,0.386970354719756,0.2333312,0.1032796,0.30708165942847,0.241159261389186,125,GLTVVQAFQELVEPK,829.46161,2,2
28,0.04580533,0.0498747502919067,0.3525,0.37275,0.351331203087614,0.386970354719756,0.2296356,0.1002679,0.281696103020621,0.19343880439699,125,GLTVVQAFQELVEPK,829.46161,2,3
28,0.04599918,0.00878274267319481,0.3525,0.37275,0.351331203087614,0.386970354719756,0.2289277,0.09969918,0.238295453233658,0.117990096227603,125,GLTVVQAFQELVEPK,829.46161,2,6
28,0.04599987,0.0135417065892411,0.3525,0.37275,0.351331203087614,0.386970354719756,0.228925,0.09969708,0.244866676959643,0.128003098640734,125,GLTVVQAFQELVEPK,829.46161,2,7
28,0.046,0.00667259818534491,0.3525,0.37275,0.351331203087614,0.386970354719756,0.2289246,0.09969673,0.237247603911678,0.112602704785072,125,GLTVVQAFQELVEPK,829.46161,2,9
28,0.046,0.0137476885978201,0.3525,0.37275,0.351331203087614,0.386970354719756,0.2289246,0.09969673,0.223842779815489,0.0968888364769771,125,GLTVVQAFQELVEPK,829.46161,2,13
28,0.046,0.0174047277847021,0.3525,0.37275,0.351331203087614,0.386970354719756,0.2289246,0.09969673,0.214323848035933,0.0900450139626465,125,GLTVVQAFQELVEPK,829.46161,2,16
28,0.046,0.00712784942135916,0.3525,0.37275,0.351331203087614,0.386970354719756,0.2289246,0.09969673,0.230335335356305,0.100961321921733,125,GLTVVQAFQELVEPK,829.46161,2,21
28,0.046,0.00619504379424954,0.3525,0.37275,0.351331203087614,0.386970354719756,0.2289246,0.09969673,0.239678447071577,0.100370552118077,125,GLTVVQAFQELVEPK,829.46161,2,24
28,0.046,0.0111445101126264,0.3525,0.37275,0.351331203087614,0.386970354719756,0.2289246,0.09969673,0.226677919799085,0.0897082118517368,125,GLTVVQAFQELVEPK,829.46161,2,31
