NEH,px_t,RMSE,fNatIsotopes,fNatIsotopes[0],current_Exp_isotope_distribution_t0[1],current_Exp_isotope_distribution_t0[0],fLabIsotopes[1],fLabIsotopes[0],current_Exp_isotope_distribution[1],current_Exp_isotope_distribution[0],NumberOfHydrogens,PeptideSeq,SeqMass,Charge,Exp_time
39,0.03855948,0.12829048641368,0.34913,0.38608,0.34469153805879,0.384344455325605,0.2056142,0.0832809,0.326142597403565,0.318021598141885,116,NQEQLAAELAEFTAK,554.94928,3,1
39,0.04479649,0.121304494067098,0.34913,0.38608,0.34469153805879,0.384344455325605,0.1766334,0.06460922,0.324916916155216,0.271973197421687,116,NQEQLAAELAEFTAK,554.94928,3,2
39,0.04580533,0.0897378932187634,0.34913,0.38608,0.34469153805879,0.384344455325605,0.1721778,0.06200015,0.269074830229448,0.221167216920855,116,NQEQLAAELAEFTAK,554.94928,3,3
39,0.04599918,0.0529693499055427,0.34913,0.38608,0.34469153805879,0.384344455325605,0.17133,0.06151084,0.238079712539789,0.150247729456549,116,NQEQLAAELAEFTAK,554.94928,3,6
39,0.04599987,0.0493414518115357,0.34913,0.38608,0.34469153805879,0.384344455325605,0.1713268,0.06150904,0.239801192370163,0.148154109206268,116,NQEQLAAELAEFTAK,554.94928,3,7
39,0.046,0.0329888756175047,0.34913,0.38608,0.34469153805879,0.384344455325605,0.1713263,0.06150874,0.20440176663963,0.127212671040829,116,NQEQLAAELAEFTAK,554.94928,3,9
39,0.046,0.0312536369684503,0.34913,0.38608,0.34469153805879,0.384344455325605,0.1713263,0.06150874,0.241333054026267,0.0866896356197161,116,NQEQLAAELAEFTAK,554.94928,3,13
39,0.046,0.0208326452784536,0.34913,0.38608,0.34469153805879,0.384344455325605,0.1713263,0.06150874,0.194413427915326,0.099837220359482,116,NQEQLAAELAEFTAK,554.94928,3,16
39,0.046,0.0149780935196636,0.34913,0.38608,0.34469153805879,0.384344455325605,0.1713263,0.06150874,0.186847077247429,0.0751567385494227,116,NQEQLAAELAEFTAK,554.94928,3,21
39,0.046,0.0188085273160307,0.34913,0.38608,0.34469153805879,0.384344455325605,0.1713263,0.06150874,0.212434719384463,0.0780389403040853,116,NQEQLAAELAEFTAK,554.94928,3,24
39,0.046,0.0162496183028832,0.34913,0.38608,0.34469153805879,0.384344455325605,0.1713263,0.06150874,0.170894075135944,0.0655575355396702,116,NQEQLAAELAEFTAK,554.94928,3,31
