NEH,px_t,RMSE,fNatIsotopes,fNatIsotopes[0],current_Exp_isotope_distribution_t0[1],current_Exp_isotope_distribution_t0[0],fLabIsotopes[1],fLabIsotopes[0],current_Exp_isotope_distribution[1],current_Exp_isotope_distribution[0],NumberOfHydrogens,PeptideSeq,SeqMass,Charge,Exp_time
32,0.03855948,0.0701423330492941,0.34721,0.41756,0.331015448869124,0.407255128484665,0.2509141,0.1186176,0.289036999887265,0.258860148067502,111,DAPDIESILALNPR,508.60696,3,1
32,0.04479649,0.0559505779797023,0.34721,0.41756,0.331015448869124,0.407255128484665,0.2246717,0.09631344,0.276902188566961,0.189461913951854,111,DAPDIESILALNPR,508.60696,3,2
32,0.04580533,0.0343631941950747,0.34721,0.41756,0.331015448869124,0.407255128484665,0.2204989,0.0931104,0.230856700152836,0.121309974172693,111,DAPDIESILALNPR,508.60696,3,3
32,0.04599918,0.0316182533850964,0.34721,0.41756,0.331015448869124,0.407255128484665,0.2197007,0.09250704,0.17845921437535,0.0925227008018028,111,DAPDIESILALNPR,508.60696,3,6
32,0.04599987,0.0398415488405365,0.34721,0.41756,0.331015448869124,0.407255128484665,0.2196976,0.09250482,0.201716977094004,0.104586023918593,111,DAPDIESILALNPR,508.60696,3,7
32,0.046,0.0220930302265796,0.34721,0.41756,0.331015448869124,0.407255128484665,0.2196972,0.09250446,0.207901837349555,0.0950561972209093,111,DAPDIESILALNPR,508.60696,3,9
32,0.046,0.0291822831530527,0.34721,0.41756,0.331015448869124,0.407255128484665,0.2196972,0.09250446,0.207216105081203,0.0916310627416139,111,DAPDIESILALNPR,508.60696,3,13
32,0.046,0.0147222761585077,0.34721,0.41756,0.331015448869124,0.407255128484665,0.2196972,0.09250446,0.207781909745129,0.0951194374301599,111,DAPDIESILALNPR,508.60696,3,16
32,0.046,0.0152250182881595,0.34721,0.41756,0.331015448869124,0.407255128484665,0.2196972,0.09250446,0.219389619564155,0.0813821040797174,111,DAPDIESILALNPR,508.60696,3,21
32,0.046,0.0134287704515935,0.34721,0.41756,0.331015448869124,0.407255128484665,0.2196972,0.09250446,0.222121210807409,0.0954197709715161,111,DAPDIESILALNPR,508.60696,3,24
32,0.046,0.0182581502959755,0.34721,0.41756,0.331015448869124,0.407255128484665,0.2196972,0.09250446,0.240746072619016,0.0923653479727661,111,DAPDIESILALNPR,508.60696,3,31
