NEH,px_t,RMSE,fNatIsotopes,fNatIsotopes[0],current_Exp_isotope_distribution_t0[1],current_Exp_isotope_distribution_t0[0],fLabIsotopes[1],fLabIsotopes[0],current_Exp_isotope_distribution[1],current_Exp_isotope_distribution[0],NumberOfHydrogens,PeptideSeq,SeqMass,Charge,Exp_time
29,0.03855948,0.103652264640088,0.32926,0.43191,0.348424643650593,0.425971114260872,0.2658706,0.1380589,0.345272178855132,0.33841930334328,104,SGALLAcGIVNSGVR,737.39575,2,1
29,0.04479649,0.0849272385269486,0.32926,0.43191,0.348424643650593,0.425971114260872,0.2426555,0.1143097,0.326144476396874,0.268064602331041,104,SGALLAcGIVNSGVR,737.39575,2,2
29,0.04580533,0.0634691650471401,0.32926,0.43191,0.348424643650593,0.425971114260872,0.2388903,0.1108591,0.308409891317935,0.224163318938156,104,SGALLAcGIVNSGVR,737.39575,2,3
29,0.04599918,0.028253838256633,0.32926,0.43191,0.348424643650593,0.425971114260872,0.2381678,0.1102079,0.279016427140092,0.154659922508448,104,SGALLAcGIVNSGVR,737.39575,2,6
29,0.04599987,0.0328726894185702,0.32926,0.43191,0.348424643650593,0.425971114260872,0.2381651,0.1102055,0.286198592976867,0.157719874249903,104,SGALLAcGIVNSGVR,737.39575,2,7
29,0.046,0.0227851434698652,0.32926,0.43191,0.348424643650593,0.425971114260872,0.2381646,0.1102051,0.279294698747116,0.134759029465526,104,SGALLAcGIVNSGVR,737.39575,2,9
29,0.046,0.0161886250086472,0.32926,0.43191,0.348424643650593,0.425971114260872,0.2381646,0.1102051,0.253020427820935,0.133060721702958,104,SGALLAcGIVNSGVR,737.39575,2,13
29,0.046,0.0101484438298057,0.32926,0.43191,0.348424643650593,0.425971114260872,0.2381646,0.1102051,0.235057550963805,0.105670057492539,104,SGALLAcGIVNSGVR,737.39575,2,16
29,0.046,0.0170283964313625,0.32926,0.43191,0.348424643650593,0.425971114260872,0.2381646,0.1102051,0.270338659083017,0.127730502669243,104,SGALLAcGIVNSGVR,737.39575,2,21
29,0.046,0.0139842708750289,0.32926,0.43191,0.348424643650593,0.425971114260872,0.2381646,0.1102051,0.25622939394158,0.128512389535223,104,SGALLAcGIVNSGVR,737.39575,2,24
29,0.046,0.0122691621446869,0.32926,0.43191,0.348424643650593,0.425971114260872,0.2381646,0.1102051,0.246277294457869,0.1100246071322,104,SGALLAcGIVNSGVR,737.39575,2,31
