NEH,px_t,RMSE,fNatIsotopes,fNatIsotopes[0],current_Exp_isotope_distribution_t0[1],current_Exp_isotope_distribution_t0[0],fLabIsotopes[1],fLabIsotopes[0],current_Exp_isotope_distribution[1],current_Exp_isotope_distribution[0],NumberOfHydrogens,PeptideSeq,SeqMass,Charge,Exp_time
29,0.03855948,0.113434330180986,0.33337,0.38495,0.363399684502535,0.393008773406646,0.2497204,0.1230483,0.319310757470166,0.353038168152226,110,EQMSDVEVGTFVQR,812.88544,2,1
29,0.04479649,0.128615305254044,0.33337,0.38495,0.363399684502535,0.393008773406646,0.2268349,0.1018812,0.323290963241898,0.353516214697536,110,EQMSDVEVGTFVQR,812.88544,2,2
29,0.04580533,0.101240644474775,0.33337,0.38495,0.363399684502535,0.393008773406646,0.2231602,0.09880581,0.330255282022632,0.281823979433276,110,EQMSDVEVGTFVQR,812.88544,2,3
29,0.04599918,0.0688946672620912,0.33337,0.38495,0.363399684502535,0.393008773406646,0.2224561,0.09822538,0.28898873613113,0.230316943791397,110,EQMSDVEVGTFVQR,812.88544,2,6
29,0.04599987,0.057685828081179,0.33337,0.38495,0.363399684502535,0.393008773406646,0.2224534,0.09822325,0.296491123530114,0.19543617366451,110,EQMSDVEVGTFVQR,812.88544,2,7
29,0.046,0.0556152546783145,0.33337,0.38495,0.363399684502535,0.393008773406646,0.222453,0.0982229,0.282696032630156,0.200802130742333,110,EQMSDVEVGTFVQR,812.88544,2,9
29,0.046,0.0313695388104116,0.33337,0.38495,0.363399684502535,0.393008773406646,0.222453,0.0982229,0.258114996847143,0.147820530785935,110,EQMSDVEVGTFVQR,812.88544,2,13
29,0.046,0.0207758975910477,0.33337,0.38495,0.363399684502535,0.393008773406646,0.222453,0.0982229,0.250981024638671,0.133668277187491,110,EQMSDVEVGTFVQR,812.88544,2,16
29,0.046,0.0259117054479125,0.33337,0.38495,0.363399684502535,0.393008773406646,0.222453,0.0982229,0.264390524091838,0.129929378608944,110,EQMSDVEVGTFVQR,812.88544,2,21
29,0.046,0.0169098698165309,0.33337,0.38495,0.363399684502535,0.393008773406646,0.222453,0.0982229,0.25943377857262,0.112644987089651,110,EQMSDVEVGTFVQR,812.88544,2,24
29,0.046,0.00955688038070113,0.33337,0.38495,0.363399684502535,0.393008773406646,0.222453,0.0982229,0.240064581993562,0.112793469556161,110,EQMSDVEVGTFVQR,812.88544,2,31
