NEH,px_t,RMSE,fNatIsotopes,fNatIsotopes[0],current_Exp_isotope_distribution_t0[1],current_Exp_isotope_distribution_t0[0],fLabIsotopes[1],fLabIsotopes[0],current_Exp_isotope_distribution[1],current_Exp_isotope_distribution[0],NumberOfHydrogens,PeptideSeq,SeqMass,Charge,Exp_time
19,0.03855948,0.0577683928119458,0.33649,0.37871,0.345127109762046,0.38940606152135,0.2961201,0.1793829,0.310568844498632,0.296837062625884,117,VTLMEEGFNPTVIK,789.41583,2,1
19,0.04479649,0.050876552496491,0.33649,0.37871,0.345127109762046,0.38940606152135,0.282132,0.1585145,0.298226272066206,0.261432598468841,117,VTLMEEGFNPTVIK,789.41583,2,2
19,0.04580533,0.035912801434386,0.33649,0.37871,0.345127109762046,0.38940606152135,0.2797912,0.155363,0.296923180340723,0.225343342988389,117,VTLMEEGFNPTVIK,789.41583,2,3
19,0.04599918,0.0180270204233143,0.33649,0.37871,0.345127109762046,0.38940606152135,0.2793396,0.1547645,0.30296693246728,0.17773817554538,117,VTLMEEGFNPTVIK,789.41583,2,6
19,0.04599987,0.0160735719122341,0.33649,0.37871,0.345127109762046,0.38940606152135,0.2793379,0.1547623,0.297641112729947,0.177208488937832,117,VTLMEEGFNPTVIK,789.41583,2,7
19,0.046,0.0105459566099467,0.33649,0.37871,0.345127109762046,0.38940606152135,0.2793376,0.1547619,0.282355306524928,0.170774663663918,117,VTLMEEGFNPTVIK,789.41583,2,9
19,0.046,0.008020751101398,0.33649,0.37871,0.345127109762046,0.38940606152135,0.2793376,0.1547619,0.286282258550933,0.157450289811023,117,VTLMEEGFNPTVIK,789.41583,2,13
19,0.046,0.00947458416953475,0.33649,0.37871,0.345127109762046,0.38940606152135,0.2793376,0.1547619,0.266633922462723,0.159662092731764,117,VTLMEEGFNPTVIK,789.41583,2,16
19,0.046,0.00848328083135875,0.33649,0.37871,0.345127109762046,0.38940606152135,0.2793376,0.1547619,0.286945785955425,0.159890753851441,117,VTLMEEGFNPTVIK,789.41583,2,21
19,0.046,0.00922063302402621,0.33649,0.37871,0.345127109762046,0.38940606152135,0.2793376,0.1547619,0.289837659672315,0.160117927258159,117,VTLMEEGFNPTVIK,789.41583,2,24
19,0.046,0.00873307592941252,0.33649,0.37871,0.345127109762046,0.38940606152135,0.2793376,0.1547619,0.285322738628599,0.162826319360693,117,VTLMEEGFNPTVIK,789.41583,2,31
