NEH,px_t,RMSE,fNatIsotopes,fNatIsotopes[0],current_Exp_isotope_distribution_t0[1],current_Exp_isotope_distribution_t0[0],fLabIsotopes[1],fLabIsotopes[0],current_Exp_isotope_distribution[1],current_Exp_isotope_distribution[0],NumberOfHydrogens,PeptideSeq,SeqMass,Charge,Exp_time
25,0.03855948,0.0985736899448045,0.34984,0.32064,0.36120486558515,0.335235408122025,0.2511852,0.1199527,0.350136561677202,0.296498248443912,117,LQEGYDHSYYFIATF,927.42267,2,1
25,0.04479649,0.101118265279863,0.34984,0.32064,0.36120486558515,0.335235408122025,0.230775,0.1019381,0.331448917497388,0.285325135453403,117,LQEGYDHSYYFIATF,927.42267,2,2
25,0.04580533,0.0855323676277397,0.34984,0.32064,0.36120486558515,0.335235408122025,0.2275051,0.09927981,0.315341572875154,0.25318457750475,117,LQEGYDHSYYFIATF,927.42267,2,3
25,0.04599918,0.0499698087423791,0.34984,0.32064,0.36120486558515,0.335235408122025,0.2268786,0.09877684,0.274206317745212,0.19090087276429,117,LQEGYDHSYYFIATF,927.42267,2,6
25,0.04599987,0.0434588005594462,0.34984,0.32064,0.36120486558515,0.335235408122025,0.2268762,0.09877498,0.276193917660045,0.175740802113145,117,LQEGYDHSYYFIATF,927.42267,2,7
25,0.046,0.0336544300186967,0.34984,0.32064,0.36120486558515,0.335235408122025,0.2268759,0.09877468,0.255141341973927,0.161506700769643,117,LQEGYDHSYYFIATF,927.42267,2,9
25,0.046,0.0157625716417215,0.34984,0.32064,0.36120486558515,0.335235408122025,0.2268759,0.09877468,0.237617069662951,0.12879658267044,117,LQEGYDHSYYFIATF,927.42267,2,13
25,0.046,0.013112762236018,0.34984,0.32064,0.36120486558515,0.335235408122025,0.2268759,0.09877468,0.239789361988422,0.110369355983816,117,LQEGYDHSYYFIATF,927.42267,2,16
25,0.046,0.0166224230971585,0.34984,0.32064,0.36120486558515,0.335235408122025,0.2268759,0.09877468,0.24860305639884,0.107631162026074,117,LQEGYDHSYYFIATF,927.42267,2,21
25,0.046,0.0131829707752079,0.34984,0.32064,0.36120486558515,0.335235408122025,0.2268759,0.09877468,0.246606317130229,0.104441009164186,117,LQEGYDHSYYFIATF,927.42267,2,24
25,0.046,0.0104002218468084,0.34984,0.32064,0.36120486558515,0.335235408122025,0.2268759,0.09877468,0.239205061483951,0.0972198933278946,117,LQEGYDHSYYFIATF,927.42267,2,31
