NEH,px_t,RMSE,fNatIsotopes,fNatIsotopes[0],current_Exp_isotope_distribution_t0[1],current_Exp_isotope_distribution_t0[0],fLabIsotopes[1],fLabIsotopes[0],current_Exp_isotope_distribution[1],current_Exp_isotope_distribution[0],NumberOfHydrogens,PeptideSeq,SeqMass,Charge,Exp_time
25,0.03855948,0.0823970229367198,0.34982,0.39413,0.337499029241813,0.386282437961723,0.2787522,0.1474456,0.301734929025169,0.307374643479432,109,VYFDLQIGDESVGR,799.39648,2,1
25,0.04479649,0.0762108424651045,0.34982,0.39413,0.337499029241813,0.386282437961723,0.2581701,0.1253021,0.297247898589419,0.27252179918971,109,VYFDLQIGDESVGR,799.39648,2,2
25,0.04580533,0.0575321163002688,0.34982,0.39413,0.337499029241813,0.386282437961723,0.2548157,0.1220345,0.282789528450787,0.232897780574628,109,VYFDLQIGDESVGR,799.39648,2,3
25,0.04599918,0.0231594579297074,0.34982,0.39413,0.337499029241813,0.386282437961723,0.2541714,0.1214163,0.25888538147606,0.164609625301683,109,VYFDLQIGDESVGR,799.39648,2,6
25,0.04599987,0.0238627132290099,0.34982,0.39413,0.337499029241813,0.386282437961723,0.2541689,0.121414,0.272997079074978,0.162419945985442,109,VYFDLQIGDESVGR,799.39648,2,7
25,0.046,0.0162449681558922,0.34982,0.39413,0.337499029241813,0.386282437961723,0.2541685,0.1214136,0.258438603692599,0.145392674715173,109,VYFDLQIGDESVGR,799.39648,2,9
25,0.046,0.0151222910595873,0.34982,0.39413,0.337499029241813,0.386282437961723,0.2541685,0.1214136,0.24862756554963,0.125935432898462,109,VYFDLQIGDESVGR,799.39648,2,13
25,0.046,0.0139677399816028,0.34982,0.39413,0.337499029241813,0.386282437961723,0.2541685,0.1214136,0.24321067350648,0.115501601901872,109,VYFDLQIGDESVGR,799.39648,2,16
25,0.046,0.0132019111531435,0.34982,0.39413,0.337499029241813,0.386282437961723,0.2541685,0.1214136,0.252650067147627,0.124148643591156,109,VYFDLQIGDESVGR,799.39648,2,21
25,0.046,0.00844683178688119,0.34982,0.39413,0.337499029241813,0.386282437961723,0.2541685,0.1214136,0.261733477799218,0.126174915309985,109,VYFDLQIGDESVGR,799.39648,2,24
25,0.046,0.0128133585312748,0.34982,0.39413,0.337499029241813,0.386282437961723,0.2541685,0.1214136,0.241026579166891,0.1174345095629,109,VYFDLQIGDESVGR,799.39648,2,31
