NEH,px_t,RMSE,fNatIsotopes,fNatIsotopes[0],current_Exp_isotope_distribution_t0[1],current_Exp_isotope_distribution_t0[0],fLabIsotopes[1],fLabIsotopes[0],current_Exp_isotope_distribution[1],current_Exp_isotope_distribution[0],NumberOfHydrogens,PeptideSeq,SeqMass,Charge,Exp_time
27,0.03855948,0.125589849617076,0.34827,0.42116,0.353057078810782,0.440702106892334,0.2781909,0.1456394,0.342176893737643,0.398493548586509,110,DYGVLLESAGIALR,738.90643,2,1
27,0.04479649,0.126264927122521,0.34827,0.42116,0.353057078810782,0.440702106892334,0.2557627,0.1221663,0.343789721184252,0.367440138333841,110,DYGVLLESAGIALR,738.90643,2,2
27,0.04580533,0.116130051243611,0.34827,0.42116,0.353057078810782,0.440702106892334,0.2521165,0.1187293,0.334755030581141,0.344166618003988,110,DYGVLLESAGIALR,738.90643,2,3
27,0.04599918,0.0773108325769122,0.34827,0.42116,0.353057078810782,0.440702106892334,0.2514164,0.1180798,0.305879117801088,0.271323289076768,110,DYGVLLESAGIALR,738.90643,2,6
27,0.04599987,0.0682413844333709,0.34827,0.42116,0.353057078810782,0.440702106892334,0.2514138,0.1180774,0.30255005722853,0.251872777754131,110,DYGVLLESAGIALR,738.90643,2,7
27,0.046,0.0533623722562086,0.34827,0.42116,0.353057078810782,0.440702106892334,0.2514134,0.118077,0.287919012138571,0.226097905325362,110,DYGVLLESAGIALR,738.90643,2,9
27,0.046,0.0261613097263709,0.34827,0.42116,0.353057078810782,0.440702106892334,0.2514134,0.118077,0.273061006611534,0.171744417472303,110,DYGVLLESAGIALR,738.90643,2,13
27,0.046,0.0186185714569272,0.34827,0.42116,0.353057078810782,0.440702106892334,0.2514134,0.118077,0.25908042093395,0.160403586994233,110,DYGVLLESAGIALR,738.90643,2,16
27,0.046,0.0181863638086406,0.34827,0.42116,0.353057078810782,0.440702106892334,0.2514134,0.118077,0.277165391125073,0.146903070648023,110,DYGVLLESAGIALR,738.90643,2,21
27,0.046,0.0105608802917545,0.34827,0.42116,0.353057078810782,0.440702106892334,0.2514134,0.118077,0.265120705146295,0.136230931850512,110,DYGVLLESAGIALR,738.90643,2,24
27,0.046,0.00579908117972975,0.34827,0.42116,0.353057078810782,0.440702106892334,0.2514134,0.118077,0.256530424834623,0.122157168466058,110,DYGVLLESAGIALR,738.90643,2,31
