NEH,px_t,RMSE,fNatIsotopes,fNatIsotopes[0],current_Exp_isotope_distribution_t0[1],current_Exp_isotope_distribution_t0[0],fLabIsotopes[1],fLabIsotopes[0],current_Exp_isotope_distribution[1],current_Exp_isotope_distribution[0],NumberOfHydrogens,PeptideSeq,SeqMass,Charge,Exp_time
28,0.03855948,0.128505397423235,0.3479,0.3902,0.380282587969609,0.40477549966041,0.2613942,0.1297295,0.313004458961618,0.396699750091795,104,SVVTEEFNGSDWER,827.87079,2,1
28,0.04479649,0.138278367140162,0.3479,0.3902,0.380282587969609,0.40477549966041,0.2384075,0.1081146,0.314566521703821,0.390103952786274,104,SVVTEEFNGSDWER,827.87079,2,2
28,0.04580533,0.130133659003775,0.3479,0.3902,0.380282587969609,0.40477549966041,0.2347095,0.1049619,0.317498598549717,0.36574037194525,104,SVVTEEFNGSDWER,827.87079,2,3
28,0.04599918,0.11591383850454,0.3479,0.3902,0.380282587969609,0.40477549966041,0.2340006,0.1043665,0.310164030500384,0.335558310233051,104,SVVTEEFNGSDWER,827.87079,2,6
28,0.04599987,0.108142828485806,0.3479,0.3902,0.380282587969609,0.40477549966041,0.2339979,0.1043643,0.349839127818733,0.293984003038583,104,SVVTEEFNGSDWER,827.87079,2,7
28,0.046,0.0863489087010189,0.3479,0.3902,0.380282587969609,0.40477549966041,0.2339975,0.104364,0.284864852346949,0.280017466292297,104,SVVTEEFNGSDWER,827.87079,2,9
28,0.046,0.0698430286561798,0.3479,0.3902,0.380282587969609,0.40477549966041,0.2339975,0.104364,0.288883333807663,0.231026366153222,104,SVVTEEFNGSDWER,827.87079,2,13
28,0.046,0.0660898322832705,0.3479,0.3902,0.380282587969609,0.40477549966041,0.2339975,0.104364,0.297707770419669,0.226442987417976,104,SVVTEEFNGSDWER,827.87079,2,16
28,0.046,0.0570167869948172,0.3479,0.3902,0.380282587969609,0.40477549966041,0.2339975,0.104364,0.272472782778999,0.214757842597468,104,SVVTEEFNGSDWER,827.87079,2,21
28,0.046,0.0419674315105751,0.3479,0.3902,0.380282587969609,0.40477549966041,0.2339975,0.104364,0.276061481623153,0.178782131492378,104,SVVTEEFNGSDWER,827.87079,2,24
28,0.046,0.0276715436696319,0.3479,0.3902,0.380282587969609,0.40477549966041,0.2339975,0.104364,0.229655358474601,0.157040770215214,104,SVVTEEFNGSDWER,827.87079,2,31
