NEH,px_t,RMSE,fNatIsotopes,fNatIsotopes[0],current_Exp_isotope_distribution_t0[1],current_Exp_isotope_distribution_t0[0],fLabIsotopes[1],fLabIsotopes[0],current_Exp_isotope_distribution[1],current_Exp_isotope_distribution[0],NumberOfHydrogens,PeptideSeq,SeqMass,Charge,Exp_time
34,0.03855948,0.129123819496676,0.35141,0.37782,0.368779960092543,0.39142284036687,0.2276006,0.09920979,0.335637366901841,0.343421372197751,118,SAYYKPLLSAEEAAK,547.6225,3,1
34,0.04479649,0.118309772540896,0.35141,0.37782,0.368779960092543,0.39142284036687,0.2007797,0.07951305,0.32969606004964,0.281994651936081,118,SAYYKPLLSAEEAAK,547.6225,3,2
34,0.04580533,0.0968659361227137,0.35141,0.37782,0.368779960092543,0.39142284036687,0.1965803,0.07670642,0.28954533482292,0.259411787707169,118,SAYYKPLLSAEEAAK,547.6225,3,3
34,0.04599918,0.0653799941898549,0.35141,0.37782,0.368779960092543,0.39142284036687,0.1957788,0.07617839,0.265374245996351,0.197509614318723,118,SAYYKPLLSAEEAAK,547.6225,3,6
34,0.04599987,0.0550633803169974,0.35141,0.37782,0.368779960092543,0.39142284036687,0.1957758,0.07617645,0.25456325251889,0.171086698644942,118,SAYYKPLLSAEEAAK,547.6225,3,7
34,0.046,0.0356811509231112,0.35141,0.37782,0.368779960092543,0.39142284036687,0.1957753,0.07617613,0.240964579025932,0.13116835268987,118,SAYYKPLLSAEEAAK,547.6225,3,9
34,0.046,0.0147808225606035,0.35141,0.37782,0.368779960092543,0.39142284036687,0.1957753,0.07617613,0.215313654942739,0.101950744833816,118,SAYYKPLLSAEEAAK,547.6225,3,13
34,0.046,0.0190088102568053,0.35141,0.37782,0.368779960092543,0.39142284036687,0.1957753,0.07617613,0.226966429384041,0.0960938419091788,118,SAYYKPLLSAEEAAK,547.6225,3,16
34,0.046,0.0275244744785285,0.35141,0.37782,0.368779960092543,0.39142284036687,0.1957753,0.07617613,0.245829896113926,0.0991410775601153,118,SAYYKPLLSAEEAAK,547.6225,3,21
34,0.046,0.0241821942528946,0.35141,0.37782,0.368779960092543,0.39142284036687,0.1957753,0.07617613,0.240333019096569,0.0987922023171379,118,SAYYKPLLSAEEAAK,547.6225,3,24
34,0.046,0.0227898888062593,0.35141,0.37782,0.368779960092543,0.39142284036687,0.1957753,0.07617613,0.229712799174573,0.0929776952294868,118,SAYYKPLLSAEEAAK,547.6225,3,31
