NEH,px_t,RMSE,fNatIsotopes,fNatIsotopes[0],current_Exp_isotope_distribution_t0[1],current_Exp_isotope_distribution_t0[0],fLabIsotopes[1],fLabIsotopes[0],current_Exp_isotope_distribution[1],current_Exp_isotope_distribution[0],NumberOfHydrogens,PeptideSeq,SeqMass,Charge,Exp_time
31,0.03855948,0.123800782896534,0.32413,0.35177,0.355846899709366,0.354041869129192,0.2250341,0.1039368,0.338838908909403,0.336707923146823,114,MRPDNSKPPVYGAcR,874.42194,2,1
31,0.04479649,0.114335525978118,0.32413,0.35177,0.355846899709366,0.354041869129192,0.2018026,0.08494426,0.322484944469379,0.292953677055999,114,MRPDNSKPPVYGAcR,874.42194,2,2
31,0.04580533,0.109338827025406,0.32413,0.35177,0.355846899709366,0.354041869129192,0.1981193,0.08220617,0.310537189964826,0.281487326506421,114,MRPDNSKPPVYGAcR,874.42194,2,3
31,0.04599918,0.0729839518267276,0.32413,0.35177,0.355846899709366,0.354041869129192,0.1974149,0.08169006,0.279668636843437,0.209661600077147,114,MRPDNSKPPVYGAcR,874.42194,2,6
31,0.04599987,0.0631402278913331,0.32413,0.35177,0.355846899709366,0.354041869129192,0.1974123,0.08168816,0.267633841556679,0.19250450801696,114,MRPDNSKPPVYGAcR,874.42194,2,7
31,0.046,0.0549153277099309,0.32413,0.35177,0.355846899709366,0.354041869129192,0.1974119,0.08168785,0.265959388984395,0.177283987299246,114,MRPDNSKPPVYGAcR,874.42194,2,9
31,0.046,0.0371691970487631,0.32413,0.35177,0.355846899709366,0.354041869129192,0.1974119,0.08168785,0.261512441226227,0.13234719011856,114,MRPDNSKPPVYGAcR,874.42194,2,13
31,0.046,0.032679885217657,0.32413,0.35177,0.355846899709366,0.354041869129192,0.1974119,0.08168785,0.247725300076226,0.133114877909281,114,MRPDNSKPPVYGAcR,874.42194,2,16
31,0.046,0.0321170932111249,0.32413,0.35177,0.355846899709366,0.354041869129192,0.1974119,0.08168785,0.253503041786279,0.127526491335828,114,MRPDNSKPPVYGAcR,874.42194,2,21
31,0.046,0.0367598176124998,0.32413,0.35177,0.355846899709366,0.354041869129192,0.1974119,0.08168785,0.27282224794657,0.10372422995508,114,MRPDNSKPPVYGAcR,874.42194,2,24
31,0.046,0.0221642817913243,0.32413,0.35177,0.355846899709366,0.354041869129192,0.1974119,0.08168785,0.240984574041059,0.103884700386823,114,MRPDNSKPPVYGAcR,874.42194,2,31
