NEH,px_t,RMSE,fNatIsotopes,fNatIsotopes[0],current_Exp_isotope_distribution_t0[1],current_Exp_isotope_distribution_t0[0],fLabIsotopes[1],fLabIsotopes[0],current_Exp_isotope_distribution[1],current_Exp_isotope_distribution[0],NumberOfHydrogens,PeptideSeq,SeqMass,Charge,Exp_time
27,0.03855948,0.107741926194174,0.33875,0.3714,0.348864164886548,0.376256299385672,0.2562599,0.1284321,0.352051389713719,0.329635492139564,105,EcGIWLSLGGFHER,554.26819,3,1
27,0.04479649,0.107497798224408,0.33875,0.3714,0.348864164886548,0.376256299385672,0.2347187,0.1077323,0.329398477947835,0.311111266400673,105,EcGIWLSLGGFHER,554.26819,3,2
27,0.04580533,0.0946159630683279,0.33875,0.3714,0.348864164886548,0.376256299385672,0.2312452,0.1047014,0.310438608848358,0.287602461904941,105,EcGIWLSLGGFHER,554.26819,3,3
27,0.04599918,0.0488269419351621,0.33875,0.3714,0.348864164886548,0.376256299385672,0.2305791,0.1041287,0.276663131839936,0.199760980352858,105,EcGIWLSLGGFHER,554.26819,3,6
27,0.04599987,0.0524566124862884,0.33875,0.3714,0.348864164886548,0.376256299385672,0.2305766,0.1041266,0.291367473512179,0.198409787622021,105,EcGIWLSLGGFHER,554.26819,3,7
27,0.046,0.0324437639142088,0.33875,0.3714,0.348864164886548,0.376256299385672,0.2305762,0.1041262,0.26021322130914,0.168267113683537,105,EcGIWLSLGGFHER,554.26819,3,9
27,0.046,0.0191144740902819,0.33875,0.3714,0.348864164886548,0.376256299385672,0.2305762,0.1041262,0.251437968931935,0.141431982917086,105,EcGIWLSLGGFHER,554.26819,3,13
27,0.046,0.0186244086444507,0.33875,0.3714,0.348864164886548,0.376256299385672,0.2305762,0.1041262,0.256439335429117,0.125763544868166,105,EcGIWLSLGGFHER,554.26819,3,16
27,0.046,0.0205011050629693,0.33875,0.3714,0.348864164886548,0.376256299385672,0.2305762,0.1041262,0.254783297489173,0.124953364012022,105,EcGIWLSLGGFHER,554.26819,3,21
27,0.046,0.0154090254320206,0.33875,0.3714,0.348864164886548,0.376256299385672,0.2305762,0.1041262,0.246035549722139,0.110350865327837,105,EcGIWLSLGGFHER,554.26819,3,24
27,0.046,0.0122762164899502,0.33875,0.3714,0.348864164886548,0.376256299385672,0.2305762,0.1041262,0.2422091361718,0.105743196974109,105,EcGIWLSLGGFHER,554.26819,3,31
