NEH,px_t,RMSE,fNatIsotopes,fNatIsotopes[0],current_Exp_isotope_distribution_t0[1],current_Exp_isotope_distribution_t0[0],fLabIsotopes[1],fLabIsotopes[0],current_Exp_isotope_distribution[1],current_Exp_isotope_distribution[0],NumberOfHydrogens,PeptideSeq,SeqMass,Charge,Exp_time
27,0.03855948,0.0846842990411915,0.35162,0.37471,0.428687276780433,0.356172988417959,0.2619502,0.1295767,0.341031658908937,0.285273907163616,124,GVQDVLEILKEEFR,558.97357,3,1
27,0.04479649,0.0582346416372896,0.35162,0.37471,0.428687276780433,0.356172988417959,0.2396681,0.1086925,0.315426667835267,0.20364772097211,124,GVQDVLEILKEEFR,558.97357,3,2
27,0.04580533,0.0324760311105408,0.35162,0.37471,0.428687276780433,0.356172988417959,0.2360832,0.1056345,0.29592630913657,0.143904450059351,124,GVQDVLEILKEEFR,558.97357,3,3
27,0.04599918,0.0133370114967342,0.35162,0.37471,0.428687276780433,0.356172988417959,0.235396,0.1050567,0.261758101042448,0.0988298699339808,124,GVQDVLEILKEEFR,558.97357,3,6
27,0.04599987,0.0104472571230641,0.35162,0.37471,0.428687276780433,0.356172988417959,0.2353934,0.1050546,0.255319466004318,0.113680779830086,124,GVQDVLEILKEEFR,558.97357,3,7
27,0.046,0.012718459992337,0.35162,0.37471,0.428687276780433,0.356172988417959,0.235393,0.1050542,0.264972185586677,0.109213441586136,124,GVQDVLEILKEEFR,558.97357,3,9
27,0.046,0.0111276952805825,0.35162,0.37471,0.428687276780433,0.356172988417959,0.235393,0.1050542,0.242015320170133,0.0893307674053585,124,GVQDVLEILKEEFR,558.97357,3,13
27,0.046,0.0181342035509544,0.35162,0.37471,0.428687276780433,0.356172988417959,0.235393,0.1050542,0.264939115128918,0.0905437164826627,124,GVQDVLEILKEEFR,558.97357,3,16
27,0.046,0.0132285716291554,0.35162,0.37471,0.428687276780433,0.356172988417959,0.235393,0.1050542,0.26381693328281,0.108770272584341,124,GVQDVLEILKEEFR,558.97357,3,21
27,0.046,0.0136645630956502,0.35162,0.37471,0.428687276780433,0.356172988417959,0.235393,0.1050542,0.264793459105955,0.111688018613441,124,GVQDVLEILKEEFR,558.97357,3,24
27,0.046,0.010817914218002,0.35162,0.37471,0.428687276780433,0.356172988417959,0.235393,0.1050542,0.244324331046992,0.0991275278253665,124,GVQDVLEILKEEFR,558.97357,3,31
