NEH,px_t,RMSE,fNatIsotopes,fNatIsotopes[0],current_Exp_isotope_distribution_t0[1],current_Exp_isotope_distribution_t0[0],fLabIsotopes[1],fLabIsotopes[0],current_Exp_isotope_distribution[1],current_Exp_isotope_distribution[0],NumberOfHydrogens,PeptideSeq,SeqMass,Charge,Exp_time
38,0.03855948,0.16612690040312,0.34386,0.43885,0.354037114839822,0.43094258643691,0.2272539,0.09846105,0.336538635580423,0.427046348431736,93,AEAGAGSATEFQFR,721.33893,2,1
38,0.04479649,0.16748054995699,0.34386,0.43885,0.354037114839822,0.43094258643691,0.1973029,0.07688481,0.3284927659068,0.40120300238818,93,AEAGAGSATEFQFR,721.33893,2,2
38,0.04580533,0.151340014512572,0.34386,0.43885,0.354037114839822,0.43094258643691,0.1926431,0.07385804,0.312619773018374,0.368871554741201,93,AEAGAGSATEFQFR,721.33893,2,3
38,0.04599918,0.111712469752785,0.34386,0.43885,0.354037114839822,0.43094258643691,0.1917548,0.07329004,0.286039077461967,0.289864622069581,93,AEAGAGSATEFQFR,721.33893,2,6
38,0.04599987,0.104490459471822,0.34386,0.43885,0.354037114839822,0.43094258643691,0.1917515,0.07328796,0.282462403406993,0.275825164694352,93,AEAGAGSATEFQFR,721.33893,2,7
38,0.046,0.0865522632861646,0.34386,0.43885,0.354037114839822,0.43094258643691,0.191751,0.07328761,0.267446983821944,0.241633986114603,93,AEAGAGSATEFQFR,721.33893,2,9
38,0.046,0.0597209961832671,0.34386,0.43885,0.354037114839822,0.43094258643691,0.191751,0.07328761,0.243362258658256,0.191813092502865,93,AEAGAGSATEFQFR,721.33893,2,13
38,0.046,0.0424994812743693,0.34386,0.43885,0.354037114839822,0.43094258643691,0.191751,0.07328761,0.237766755909587,0.155716289556957,93,AEAGAGSATEFQFR,721.33893,2,16
38,0.046,0.0428410738788284,0.34386,0.43885,0.354037114839822,0.43094258643691,0.191751,0.07328761,0.249224183805341,0.146136473945511,93,AEAGAGSATEFQFR,721.33893,2,21
38,0.046,0.0260471191669528,0.34386,0.43885,0.354037114839822,0.43094258643691,0.191751,0.07328761,0.226797961590234,0.119410488539752,93,AEAGAGSATEFQFR,721.33893,2,24
38,0.046,0.0206789674721882,0.34386,0.43885,0.354037114839822,0.43094258643691,0.191751,0.07328761,0.222951262791925,0.107114773706542,93,AEAGAGSATEFQFR,721.33893,2,31
