NEH,px_t,RMSE,fNatIsotopes,fNatIsotopes[0],current_Exp_isotope_distribution_t0[1],current_Exp_isotope_distribution_t0[0],fLabIsotopes[1],fLabIsotopes[0],current_Exp_isotope_distribution[1],current_Exp_isotope_distribution[0],NumberOfHydrogens,PeptideSeq,SeqMass,Charge,Exp_time
23,0.03855948,0.111272412401905,0.34565,0.45052,0.368517474284343,0.464346673177841,0.3081357,0.1823338,0.335199820244457,0.415744044835259,96,VAFITGGGSGIGFR,669.86188,2,1
23,0.04479649,0.100910199043492,0.34565,0.45052,0.368517474284343,0.464346673177841,0.2898195,0.1569811,0.332696812667491,0.365160788896052,96,VAFITGGGSGIGFR,669.86188,2,2
23,0.04580533,0.0666511331439809,0.34565,0.45052,0.368517474284343,0.464346673177841,0.2867608,0.153211,0.318127636194591,0.290254286972791,96,VAFITGGGSGIGFR,669.86188,2,3
23,0.04599918,0.0287956723654191,0.34565,0.45052,0.368517474284343,0.464346673177841,0.2861711,0.1524967,0.32127280066163,0.200637174890211,96,VAFITGGGSGIGFR,669.86188,2,6
23,0.04599987,0.0291647742089126,0.34565,0.45052,0.368517474284343,0.464346673177841,0.2861688,0.1524941,0.314382611894816,0.205285649350589,96,VAFITGGGSGIGFR,669.86188,2,7
23,0.046,0.0162909018616882,0.34565,0.45052,0.368517474284343,0.464346673177841,0.2861685,0.1524937,0.295547800282406,0.183326615117629,96,VAFITGGGSGIGFR,669.86188,2,9
23,0.046,0.00640475071915119,0.34565,0.45052,0.368517474284343,0.464346673177841,0.2861685,0.1524937,0.286218366088822,0.16132952635144,96,VAFITGGGSGIGFR,669.86188,2,13
23,0.046,0.0107905222251752,0.34565,0.45052,0.368517474284343,0.464346673177841,0.2861685,0.1524937,0.27469471380864,0.169723866674701,96,VAFITGGGSGIGFR,669.86188,2,16
23,0.046,0.0164396198001652,0.34565,0.45052,0.368517474284343,0.464346673177841,0.2861685,0.1524937,0.300059156018682,0.185302772217241,96,VAFITGGGSGIGFR,669.86188,2,21
23,0.046,0.0217284224902488,0.34565,0.45052,0.368517474284343,0.464346673177841,0.2861685,0.1524937,0.294663796983845,0.188685726911259,96,VAFITGGGSGIGFR,669.86188,2,24
23,0.046,0.00863649913498858,0.34565,0.45052,0.368517474284343,0.464346673177841,0.2861685,0.1524937,0.289308294692863,0.165536635742614,96,VAFITGGGSGIGFR,669.86188,2,31
