NEH,px_t,RMSE,fNatIsotopes,fNatIsotopes[0],current_Exp_isotope_distribution_t0[1],current_Exp_isotope_distribution_t0[0],fLabIsotopes[1],fLabIsotopes[0],current_Exp_isotope_distribution[1],current_Exp_isotope_distribution[0],NumberOfHydrogens,PeptideSeq,SeqMass,Charge,Exp_time
39,0.03855948,0.117151084202963,0.34001,0.4363,0.355921813008818,0.429663337870855,0.2205964,0.0941138,0.31624483713808,0.321544298735546,102,AVTEQGAELSNEER,766.86298,2,1
39,0.04479649,0.100027256452905,0.34001,0.4363,0.355921813008818,0.429663337870855,0.1904833,0.07301338,0.276555229060694,0.266323121803193,102,AVTEQGAELSNEER,766.86298,2,2
39,0.04580533,0.0702146689803158,0.34001,0.4363,0.355921813008818,0.429663337870855,0.1858166,0.07006492,0.265469138522032,0.195003137623973,102,AVTEQGAELSNEER,766.86298,2,3
39,0.04599918,0.0270326955115693,0.34001,0.4363,0.355921813008818,0.429663337870855,0.1849276,0.06951197,0.220309732154908,0.121699983461053,102,AVTEQGAELSNEER,766.86298,2,6
39,0.04599987,0.0295328285818459,0.34001,0.4363,0.355921813008818,0.429663337870855,0.1849243,0.06950994,0.234507528576004,0.111536261462565,102,AVTEQGAELSNEER,766.86298,2,7
39,0.046,0.0223924064132495,0.34001,0.4363,0.355921813008818,0.429663337870855,0.1849238,0.0695096,0.226509645855821,0.0930408605562259,102,AVTEQGAELSNEER,766.86298,2,9
39,0.046,0.0173181988513091,0.34001,0.4363,0.355921813008818,0.429663337870855,0.1849238,0.0695096,0.194691808430484,0.105991602711855,102,AVTEQGAELSNEER,766.86298,2,13
39,0.046,0.00996641924021757,0.34001,0.4363,0.355921813008818,0.429663337870855,0.1849238,0.0695096,0.192826460313813,0.0768777852331927,102,AVTEQGAELSNEER,766.86298,2,16
39,0.046,0.0207263508310468,0.34001,0.4363,0.355921813008818,0.429663337870855,0.1849238,0.0695096,0.202996755702425,0.0862462395105451,102,AVTEQGAELSNEER,766.86298,2,21
39,0.046,0.0137483477920938,0.34001,0.4363,0.355921813008818,0.429663337870855,0.1849238,0.0695096,0.185838141113248,0.0795725852189205,102,AVTEQGAELSNEER,766.86298,2,24
39,0.046,0.0134624827253115,0.34001,0.4363,0.355921813008818,0.429663337870855,0.1849238,0.0695096,0.212168348352863,0.0785419859519783,102,AVTEQGAELSNEER,766.86298,2,31
