NEH,px_t,RMSE,fNatIsotopes,fNatIsotopes[0],current_Exp_isotope_distribution_t0[1],current_Exp_isotope_distribution_t0[0],fLabIsotopes[1],fLabIsotopes[0],current_Exp_isotope_distribution[1],current_Exp_isotope_distribution[0],NumberOfHydrogens,PeptideSeq,SeqMass,Charge,Exp_time
30,0.03855948,0.107740236004175,0.33523,0.31854,0.353492376443632,0.318375416165944,0.2208439,0.09789372,0.330241623275286,0.293830800497324,129,ENLQVFGFQLSPEDMK,941.45618,2,1
30,0.04479649,0.106611722994392,0.33523,0.31854,0.353492376443632,0.318375416165944,0.1980796,0.08052792,0.324310184112441,0.262653725919592,129,ENLQVFGFQLSPEDMK,941.45618,2,2
30,0.04580533,0.0888938938410094,0.33523,0.31854,0.353492376443632,0.318375416165944,0.1944888,0.07801459,0.291820323665336,0.23555440595851,129,ENLQVFGFQLSPEDMK,941.45618,2,3
30,0.04599918,0.0447821209241956,0.33523,0.31854,0.353492376443632,0.318375416165944,0.1938026,0.07754055,0.247714774589416,0.15811097522488,129,ENLQVFGFQLSPEDMK,941.45618,2,6
30,0.04599987,0.0410484232719593,0.33523,0.31854,0.353492376443632,0.318375416165944,0.1938,0.07753881,0.248766474214574,0.147119824887706,129,ENLQVFGFQLSPEDMK,941.45618,2,7
30,0.046,0.0311261886014749,0.33523,0.31854,0.353492376443632,0.318375416165944,0.1937996,0.07753852,0.230462089606332,0.136742060235247,129,ENLQVFGFQLSPEDMK,941.45618,2,9
30,0.046,0.0196013510288196,0.33523,0.31854,0.353492376443632,0.318375416165944,0.1937996,0.07753852,0.214314790379096,0.114094083872177,129,ENLQVFGFQLSPEDMK,941.45618,2,13
30,0.046,0.0122590343989455,0.33523,0.31854,0.353492376443632,0.318375416165944,0.1937996,0.07753852,0.194242955324854,0.098918760578068,129,ENLQVFGFQLSPEDMK,941.45618,2,16
30,0.046,0.0121735581247243,0.33523,0.31854,0.353492376443632,0.318375416165944,0.1937996,0.07753852,0.199134559654833,0.0951902918094313,129,ENLQVFGFQLSPEDMK,941.45618,2,21
30,0.046,0.0101240092344282,0.33523,0.31854,0.353492376443632,0.318375416165944,0.1937996,0.07753852,0.204634194014714,0.0774458299426055,129,ENLQVFGFQLSPEDMK,941.45618,2,24
30,0.046,0.0165254764715137,0.33523,0.31854,0.353492376443632,0.318375416165944,0.1937996,0.07753852,0.184422640458677,0.0688467835800997,129,ENLQVFGFQLSPEDMK,941.45618,2,31
