NEH,px_t,RMSE,fNatIsotopes,fNatIsotopes[0],current_Exp_isotope_distribution_t0[1],current_Exp_isotope_distribution_t0[0],fLabIsotopes[1],fLabIsotopes[0],current_Exp_isotope_distribution[1],current_Exp_isotope_distribution[0],NumberOfHydrogens,PeptideSeq,SeqMass,Charge,Exp_time
20,0.03855948,0.0802589645588211,0.33888,0.32989,0.352977368188868,0.324243106807741,0.2748687,0.1502322,0.338281044570157,0.302491675275873,121,HcLEFLGTPDVINWK,610.30652,3,1
20,0.04479649,0.0878112894300895,0.33888,0.32989,0.352977368188868,0.324243106807741,0.2592367,0.1318937,0.327505730495128,0.300676119128788,121,HcLEFLGTPDVINWK,610.30652,3,2
20,0.04580533,0.0612348462219189,0.33888,0.32989,0.352977368188868,0.324243106807741,0.2566739,0.1291349,0.314424083984282,0.240209701718048,121,HcLEFLGTPDVINWK,610.30652,3,3
20,0.04599918,0.0477989173586262,0.33888,0.32989,0.352977368188868,0.324243106807741,0.2561811,0.1286113,0.296150806484974,0.216917926601455,121,HcLEFLGTPDVINWK,610.30652,3,6
20,0.04599987,0.0425979474653273,0.33888,0.32989,0.352977368188868,0.324243106807741,0.2561792,0.1286094,0.308553457368886,0.196759505323139,121,HcLEFLGTPDVINWK,610.30652,3,7
20,0.046,0.0304563305136258,0.33888,0.32989,0.352977368188868,0.324243106807741,0.2561789,0.128609,0.284321102336631,0.182119651420589,121,HcLEFLGTPDVINWK,610.30652,3,9
20,0.046,0.0228307481836979,0.33888,0.32989,0.352977368188868,0.324243106807741,0.2561789,0.128609,0.274538330278925,0.169247106664021,121,HcLEFLGTPDVINWK,610.30652,3,13
20,0.046,0.0160879017044476,0.33888,0.32989,0.352977368188868,0.324243106807741,0.2561789,0.128609,0.257193222437371,0.141118597042796,121,HcLEFLGTPDVINWK,610.30652,3,16
20,0.046,0.0152299038743072,0.33888,0.32989,0.352977368188868,0.324243106807741,0.2561789,0.128609,0.244327064392709,0.148840867793374,121,HcLEFLGTPDVINWK,610.30652,3,21
20,0.046,0.0105331641672406,0.33888,0.32989,0.352977368188868,0.324243106807741,0.2561789,0.128609,0.257911051288356,0.127022440626561,121,HcLEFLGTPDVINWK,610.30652,3,24
20,0.046,0.0151071133129431,0.33888,0.32989,0.352977368188868,0.324243106807741,0.2561789,0.128609,0.242142924573636,0.118969055529815,121,HcLEFLGTPDVINWK,610.30652,3,31
