NEH,px_t,RMSE,fNatIsotopes,fNatIsotopes[0],current_Exp_isotope_distribution_t0[1],current_Exp_isotope_distribution_t0[0],fLabIsotopes[1],fLabIsotopes[0],current_Exp_isotope_distribution[1],current_Exp_isotope_distribution[0],NumberOfHydrogens,PeptideSeq,SeqMass,Charge,Exp_time
30,0.03855948,0.137165423957186,0.34285,0.46172,0.344183134919866,0.476930262032719,0.2761449,0.1418958,0.350597739320985,0.41555159780056,105,IAPAIAAGNTVIAK,655.39551,2,1
30,0.04479649,0.129152356951949,0.34285,0.46172,0.344183134919866,0.476930262032719,0.2509476,0.1167243,0.335140052507987,0.371032070320254,105,IAPAIAAGNTVIAK,655.39551,2,2
30,0.04580533,0.110713285660217,0.34285,0.46172,0.344183134919866,0.476930262032719,0.2468715,0.1130812,0.32282942644643,0.330860074352702,105,IAPAIAAGNTVIAK,655.39551,2,3
30,0.04599918,0.0609335647533688,0.34285,0.46172,0.344183134919866,0.476930262032719,0.2460897,0.1123941,0.303381645299885,0.226020887081063,105,IAPAIAAGNTVIAK,655.39551,2,6
30,0.04599987,0.056118127487256,0.34285,0.46172,0.344183134919866,0.476930262032719,0.2460868,0.1123916,0.306777032696237,0.211833877696184,105,IAPAIAAGNTVIAK,655.39551,2,7
30,0.046,0.0458439600086721,0.34285,0.46172,0.344183134919866,0.476930262032719,0.2460863,0.1123912,0.3014986857965,0.190718687360519,105,IAPAIAAGNTVIAK,655.39551,2,9
30,0.046,0.0278692312639693,0.34285,0.46172,0.344183134919866,0.476930262032719,0.2460863,0.1123912,0.287783444183876,0.149866058300943,105,IAPAIAAGNTVIAK,655.39551,2,13
30,0.046,0.0173900821603135,0.34285,0.46172,0.344183134919866,0.476930262032719,0.2460863,0.1123912,0.275338907733337,0.137900539986167,105,IAPAIAAGNTVIAK,655.39551,2,16
30,0.046,0.0273541336947649,0.34285,0.46172,0.344183134919866,0.476930262032719,0.2460863,0.1123912,0.282529313482142,0.153208022704579,105,IAPAIAAGNTVIAK,655.39551,2,21
30,0.046,0.0237611503129595,0.34285,0.46172,0.344183134919866,0.476930262032719,0.2460863,0.1123912,0.283310405596339,0.140884179961727,105,IAPAIAAGNTVIAK,655.39551,2,24
30,0.046,0.0178139160299104,0.34285,0.46172,0.344183134919866,0.476930262032719,0.2460863,0.1123912,0.266832623303378,0.140406379950663,105,IAPAIAAGNTVIAK,655.39551,2,31
