NEH,px_t,RMSE,fNatIsotopes,fNatIsotopes[0],current_Exp_isotope_distribution_t0[1],current_Exp_isotope_distribution_t0[0],fLabIsotopes[1],fLabIsotopes[0],current_Exp_isotope_distribution[1],current_Exp_isotope_distribution[0],NumberOfHydrogens,PeptideSeq,SeqMass,Charge,Exp_time
27,0.03855948,0.103437039375754,0.35281,0.3882,0.35394111695288,0.395868345598267,0.2674148,0.1342417,0.349570523055263,0.329685510597571,110,LGVLGFFSTGDQHAR,535.61084,3,1
27,0.04479649,0.0911761438666868,0.35281,0.3882,0.35394111695288,0.395868345598267,0.2449697,0.1126055,0.319906073673564,0.285850618048206,110,LGVLGFFSTGDQHAR,535.61084,3,2
27,0.04580533,0.076661204470161,0.35281,0.3882,0.35394111695288,0.395868345598267,0.2413493,0.1094375,0.315563742083087,0.250562546908368,110,LGVLGFFSTGDQHAR,535.61084,3,3
27,0.04599918,0.0310460233080948,0.35281,0.3882,0.35394111695288,0.395868345598267,0.240655,0.1088389,0.280499848314254,0.163559819169271,110,LGVLGFFSTGDQHAR,535.61084,3,6
27,0.04599987,0.0266417893090505,0.35281,0.3882,0.35394111695288,0.395868345598267,0.2406524,0.1088367,0.279348667004275,0.1523546895555,110,LGVLGFFSTGDQHAR,535.61084,3,7
27,0.046,0.0224029139771396,0.35281,0.3882,0.35394111695288,0.395868345598267,0.240652,0.1088363,0.274251171625897,0.144676990432902,110,LGVLGFFSTGDQHAR,535.61084,3,9
27,0.046,0.00947385564691324,0.35281,0.3882,0.35394111695288,0.395868345598267,0.240652,0.1088363,0.252948892059047,0.122728895086782,110,LGVLGFFSTGDQHAR,535.61084,3,13
27,0.046,0.00736009309811056,0.35281,0.3882,0.35394111695288,0.395868345598267,0.240652,0.1088363,0.236873487338439,0.108956211986861,110,LGVLGFFSTGDQHAR,535.61084,3,16
27,0.046,0.0075411046409688,0.35281,0.3882,0.35394111695288,0.395868345598267,0.240652,0.1088363,0.248324251530293,0.112503461462972,110,LGVLGFFSTGDQHAR,535.61084,3,21
27,0.046,0.00844239726945056,0.35281,0.3882,0.35394111695288,0.395868345598267,0.240652,0.1088363,0.254657204153468,0.119994854618628,110,LGVLGFFSTGDQHAR,535.61084,3,24
27,0.046,0.00716655512529074,0.35281,0.3882,0.35394111695288,0.395868345598267,0.240652,0.1088363,0.241685920352016,0.112474570082098,110,LGVLGFFSTGDQHAR,535.61084,3,31
