NEH,px_t,RMSE,fNatIsotopes,fNatIsotopes[0],current_Exp_isotope_distribution_t0[1],current_Exp_isotope_distribution_t0[0],fLabIsotopes[1],fLabIsotopes[0],current_Exp_isotope_distribution[1],current_Exp_isotope_distribution[0],NumberOfHydrogens,PeptideSeq,SeqMass,Charge,Exp_time
28,0.03855948,0.121807774027122,0.35197,0.36865,0.360545133110801,0.381101296247733,0.2546991,0.1225648,0.36171509944356,0.347180191957167,110,HGYIGEFEIIDDHR,567.60577,3,1
28,0.04479649,0.127666112470595,0.35197,0.36865,0.360545133110801,0.381101296247733,0.2316921,0.1021436,0.333068332228862,0.346509941417846,110,HGYIGEFEIIDDHR,567.60577,3,2
28,0.04580533,0.114272384524401,0.35197,0.36865,0.360545133110801,0.381101296247733,0.2280102,0.09916504,0.333348849183945,0.310434634170761,110,HGYIGEFEIIDDHR,567.60577,3,3
28,0.04599918,0.0900981356049331,0.35197,0.36865,0.360545133110801,0.381101296247733,0.2273049,0.09860255,0.314197722362833,0.265360700128203,110,HGYIGEFEIIDDHR,567.60577,3,6
28,0.04599987,0.079126175201408,0.35197,0.36865,0.360545133110801,0.381101296247733,0.2273023,0.09860048,0.310169980244706,0.240260691947529,110,HGYIGEFEIIDDHR,567.60577,3,7
28,0.046,0.0711200237529905,0.35197,0.36865,0.360545133110801,0.381101296247733,0.2273019,0.09860013,0.294016696784254,0.232210218697783,110,HGYIGEFEIIDDHR,567.60577,3,9
28,0.046,0.0419734064812204,0.35197,0.36865,0.360545133110801,0.381101296247733,0.2273019,0.09860013,0.271988768115695,0.178584276028063,110,HGYIGEFEIIDDHR,567.60577,3,13
28,0.046,0.0282790291123447,0.35197,0.36865,0.360545133110801,0.381101296247733,0.2273019,0.09860013,0.273755047477487,0.141101173563621,110,HGYIGEFEIIDDHR,567.60577,3,16
28,0.046,0.0366096404822815,0.35197,0.36865,0.360545133110801,0.381101296247733,0.2273019,0.09860013,0.272410913283194,0.164597010159558,110,HGYIGEFEIIDDHR,567.60577,3,21
28,0.046,0.0179988306484399,0.35197,0.36865,0.360545133110801,0.381101296247733,0.2273019,0.09860013,0.247844993142016,0.125748246035534,110,HGYIGEFEIIDDHR,567.60577,3,24
28,0.046,0.00940867294296572,0.35197,0.36865,0.360545133110801,0.381101296247733,0.2273019,0.09860013,0.223933465623718,0.110474118430483,110,HGYIGEFEIIDDHR,567.60577,3,31
