NEH,px_t,RMSE,fNatIsotopes,fNatIsotopes[0],current_Exp_isotope_distribution_t0[1],current_Exp_isotope_distribution_t0[0],fLabIsotopes[1],fLabIsotopes[0],current_Exp_isotope_distribution[1],current_Exp_isotope_distribution[0],NumberOfHydrogens,PeptideSeq,SeqMass,Charge,Exp_time
26,0.03855948,0.0876933297010775,0.33248,0.29382,0.336343330882723,0.303923527634182,0.2298187,0.1056801,0.311336787514934,0.270141994766886,133,TQPTDEEMLFIYSHFK,662.64862,3,1
26,0.04479649,0.0845630560545649,0.33248,0.29382,0.336343330882723,0.303923527634182,0.2097975,0.08922629,0.301829817306333,0.240460609982214,133,TQPTDEEMLFIYSHFK,662.64862,3,2
26,0.04580533,0.0771701640504087,0.33248,0.29382,0.336343330882723,0.303923527634182,0.2066097,0.08680771,0.294978951635394,0.223289879800275,133,TQPTDEEMLFIYSHFK,662.64862,3,3
26,0.04599918,0.0337443180279716,0.33248,0.29382,0.336343330882723,0.303923527634182,0.2059994,0.08635038,0.2515130377624,0.146916856308554,133,TQPTDEEMLFIYSHFK,662.64862,3,6
26,0.04599987,0.0309737972419105,0.33248,0.29382,0.336343330882723,0.303923527634182,0.2059971,0.0863487,0.245890272010951,0.143513464480243,133,TQPTDEEMLFIYSHFK,662.64862,3,7
26,0.046,0.0203837631575904,0.33248,0.29382,0.336343330882723,0.303923527634182,0.2059968,0.08634841,0.23456164309935,0.12466086297128,133,TQPTDEEMLFIYSHFK,662.64862,3,9
26,0.046,0.00866029369458024,0.33248,0.29382,0.336343330882723,0.303923527634182,0.2059968,0.08634841,0.215539757705189,0.100262338063797,133,TQPTDEEMLFIYSHFK,662.64862,3,13
26,0.046,0.0107758656664096,0.33248,0.29382,0.336343330882723,0.303923527634182,0.2059968,0.08634841,0.203460240017628,0.0881336869446956,133,TQPTDEEMLFIYSHFK,662.64862,3,16
26,0.046,0.00943679642690018,0.33248,0.29382,0.336343330882723,0.303923527634182,0.2059968,0.08634841,0.219037452346177,0.0933255950369368,133,TQPTDEEMLFIYSHFK,662.64862,3,21
26,0.046,0.00888069853860516,0.33248,0.29382,0.336343330882723,0.303923527634182,0.2059968,0.08634841,0.211000821983305,0.0894024498921899,133,TQPTDEEMLFIYSHFK,662.64862,3,24
26,0.046,0.00998382787247732,0.33248,0.29382,0.336343330882723,0.303923527634182,0.2059968,0.08634841,0.207390568243972,0.0840532762115284,133,TQPTDEEMLFIYSHFK,662.64862,3,31
