NEH,px_t,RMSE,fNatIsotopes,fNatIsotopes[0],current_Exp_isotope_distribution_t0[1],current_Exp_isotope_distribution_t0[0],fLabIsotopes[1],fLabIsotopes[0],current_Exp_isotope_distribution[1],current_Exp_isotope_distribution[0],NumberOfHydrogens,PeptideSeq,SeqMass,Charge,Exp_time
31,0.03855948,0.161812897745026,0.33813,0.47196,0.343502984574012,0.486183110024471,0.2733366,0.1394491,0.325570299220578,0.476759001110223,101,SALALVTGAGSGIGR,665.37787,2,1
31,0.04479649,0.157603189221549,0.33813,0.47196,0.343502984574012,0.486183110024471,0.247391,0.1139673,0.317605546538126,0.438409871471231,101,SALALVTGAGSGIGR,665.37787,2,2
31,0.04580533,0.131272453772698,0.33813,0.47196,0.343502984574012,0.486183110024471,0.2432023,0.1102937,0.333142430843375,0.368170080186224,101,SALALVTGAGSGIGR,665.37787,2,3
31,0.04599918,0.0944389126135157,0.33813,0.47196,0.343502984574012,0.486183110024471,0.2423992,0.1096013,0.302999547322999,0.298171120060405,101,SALALVTGAGSGIGR,665.37787,2,6
31,0.04599987,0.0873943473442411,0.33813,0.47196,0.343502984574012,0.486183110024471,0.2423961,0.1095987,0.306649135127545,0.281343919151468,101,SALALVTGAGSGIGR,665.37787,2,7
31,0.046,0.0670585468288699,0.33813,0.47196,0.343502984574012,0.486183110024471,0.2423957,0.1095983,0.30997346303577,0.230938688595553,101,SALALVTGAGSGIGR,665.37787,2,9
31,0.046,0.0466633480263914,0.33813,0.47196,0.343502984574012,0.486183110024471,0.2423957,0.1095983,0.286138766456334,0.194540267719643,101,SALALVTGAGSGIGR,665.37787,2,13
31,0.046,0.0441308925770288,0.33813,0.47196,0.343502984574012,0.486183110024471,0.2423957,0.1095983,0.293332331575134,0.185553895444903,101,SALALVTGAGSGIGR,665.37787,2,16
31,0.046,0.0341232369094026,0.33813,0.47196,0.343502984574012,0.486183110024471,0.2423957,0.1095983,0.28820577928283,0.160973593629139,101,SALALVTGAGSGIGR,665.37787,2,21
31,0.046,0.0296578506547578,0.33813,0.47196,0.343502984574012,0.486183110024471,0.2423957,0.1095983,0.280365936969248,0.146411527371648,101,SALALVTGAGSGIGR,665.37787,2,24
31,0.046,0.0197963423210052,0.33813,0.47196,0.343502984574012,0.486183110024471,0.2423957,0.1095983,0.255351143003029,0.12272571871014,101,SALALVTGAGSGIGR,665.37787,2,31
