NEH,px_t,RMSE,fNatIsotopes,fNatIsotopes[0],current_Exp_isotope_distribution_t0[1],current_Exp_isotope_distribution_t0[0],fLabIsotopes[1],fLabIsotopes[0],current_Exp_isotope_distribution[1],current_Exp_isotope_distribution[0],NumberOfHydrogens,PeptideSeq,SeqMass,Charge,Exp_time
23,0.03855948,0.107306998416085,0.33689,0.38771,0.35581515025941,0.379495555946544,0.2811343,0.1569134,0.346809826033124,0.369202034791143,116,MFGIDKDAIVQAVK,512.28143,3,1
23,0.04479649,0.102451144423899,0.33689,0.38771,0.35581515025941,0.379495555946544,0.2631528,0.1350953,0.328890187104964,0.337071084559778,116,MFGIDKDAIVQAVK,512.28143,3,2
23,0.04580533,0.108884963917581,0.33689,0.38771,0.35581515025941,0.379495555946544,0.2601905,0.1318508,0.333777738518459,0.345225872968065,116,MFGIDKDAIVQAVK,512.28143,3,3
23,0.04599918,0.0612818266888549,0.33689,0.38771,0.35581515025941,0.379495555946544,0.2596206,0.1312361,0.318466388193817,0.242811995524505,116,MFGIDKDAIVQAVK,512.28143,3,6
23,0.04599987,0.0683691317477978,0.33689,0.38771,0.35581515025941,0.379495555946544,0.2596184,0.1312339,0.322347091868349,0.255350486532607,116,MFGIDKDAIVQAVK,512.28143,3,7
23,0.046,0.0476076514199969,0.33689,0.38771,0.35581515025941,0.379495555946544,0.2596181,0.1312335,0.306614151793291,0.21680568959246,116,MFGIDKDAIVQAVK,512.28143,3,9
23,0.046,0.0290690020461239,0.33689,0.38771,0.35581515025941,0.379495555946544,0.2596181,0.1312335,0.2902898741728,0.182655187122284,116,MFGIDKDAIVQAVK,512.28143,3,13
23,0.046,0.0169566439620533,0.33689,0.38771,0.35581515025941,0.379495555946544,0.2596181,0.1312335,0.270165022816124,0.161917696961904,116,MFGIDKDAIVQAVK,512.28143,3,16
23,0.046,0.0152190214235748,0.33689,0.38771,0.35581515025941,0.379495555946544,0.2596181,0.1312335,0.276232763011307,0.161345343677971,116,MFGIDKDAIVQAVK,512.28143,3,21
23,0.046,0.0123919413157108,0.33689,0.38771,0.35581515025941,0.379495555946544,0.2596181,0.1312335,0.284397027270229,0.139673830767975,116,MFGIDKDAIVQAVK,512.28143,3,24
23,0.046,0.00857322766197463,0.33689,0.38771,0.35581515025941,0.379495555946544,0.2596181,0.1312335,0.264629110748818,0.132494009051928,116,MFGIDKDAIVQAVK,512.28143,3,31
